no,username,nickname,komentar,likes,create_time,sentiment_label,label_notes,confidence,needs_review
1,user027638264,bl1tzzz,ini mah bukan mengurangi korban tapi mengganti korban,37084,1777364573,Negatif,"Kritik, penolakan, keluhan, atau sarkasme terhadap isi pernyataan/solusi",0.82,Tidak
2,kelincibesiii_,IzaLVM_,kami setuju klo gerbong paling belakang dan paling depan khusus menteri dan pejabat.,15041,1777377222,Negatif,"Kritik, penolakan, keluhan, atau sarkasme terhadap isi pernyataan/solusi",0.82,Tidak
3,adesaputra7222,ade,bukanya kasih solusi malah ganti formasi,1,1778463698,Negatif,"Kritik, penolakan, keluhan, atau sarkasme terhadap isi pernyataan/solusi",0.82,Tidak
4,agungpradana463,𝙋𝙃𝙖𝙣𝙟𝙪𝙇𝙇🚀,hanya merubah dari almarhumah jdi almarhum,8849,1777426256,Negatif,"Kritik, penolakan, keluhan, atau sarkasme terhadap isi pernyataan/solusi",0.82,Tidak
5,rikiriv,@ikky,"Sekelas menteri jawabnya asbun bgt 😭😭🤣, gelisah bgt gua dengernya 😭",17995,1777357308,Negatif,"Kritik, penolakan, keluhan, atau sarkasme terhadap isi pernyataan/solusi",0.82,Tidak
6,sampaipaham_,Sampai Paham,sepakat buuu,5015,1777382399,Positif,"Dukungan, persetujuan, atau afirmasi literal",0.76,Tidak
7,yurzkaaja,yurzkaaja,Kalo lg kesel sama suami nya jangan begini dong bu,3708,1777397347,Negatif,"Kritik, penolakan, keluhan, atau sarkasme terhadap isi pernyataan/solusi",0.82,Tidak
8,dodoanggoroo,dodoanggoroo | ANGGORO GROUP,"kita emang paling suka di jepit,tapi bukan dijepit kereta juga 😭",1131,1777431262,Negatif,"Kritik, penolakan, keluhan, atau sarkasme terhadap isi pernyataan/solusi",0.82,Tidak
9,pasta_addict,Pasta_Addict,"gerbong depan dan belakang khusus SUPERMAN, HULK, CAPT AMERICA, IRON MAN",3070,1777365628,Negatif,"Kritik, penolakan, keluhan, atau sarkasme terhadap isi pernyataan/solusi",0.82,Tidak
10,aparabener,bven,"ini usul dari saya ya buk, gimana kalo rute kereta di ubah aja kearah rumah ibu",943,1777429005,Negatif,"Kritik, penolakan, keluhan, atau sarkasme terhadap isi pernyataan/solusi",0.82,Tidak
11,who2444444,user24,Lu pikir gua spiderman yg bisa nahan kereta,4941,1777376824,Negatif,"Kritik, penolakan, keluhan, atau sarkasme terhadap isi pernyataan/solusi",0.82,Tidak
12,beautifood_,Utie | 𝐛𝐞𝐚𝐮𝐭𝐲 & 𝐟𝐨𝐨𝐝,kalo splenger ini gua juga bisa jadi menteri😭😭,1617,1777428128,Negatif,"Kritik, penolakan, keluhan, atau sarkasme terhadap isi pernyataan/solusi",0.82,Tidak
13,algatemon,Alga Temon🛀,misal ada meteor jatuh kena gerbong tengah trus gimana lagi solusinya bu?,503,1777397213,Negatif,"Kritik, penolakan, keluhan, atau sarkasme terhadap isi pernyataan/solusi",0.82,Tidak
14,aryant0_0,Sdr. Aryanto,"yang penting bunyi dulu aja, mikir belakangan.",4662,1777355424,Negatif,"Kritik, penolakan, keluhan, atau sarkasme terhadap isi pernyataan/solusi",0.82,Tidak
15,arkatama993,Anang_y93,"kenapa gak kasih 1 gerbong kosong aja yg belakang itung2 buat bemper, kyk kereta petikemas biasanya yg belakang gerbong kosong",1838,1777359238,Negatif,"Kritik, penolakan, keluhan, atau sarkasme terhadap isi pernyataan/solusi",0.82,Tidak
16,mastaaaaaaaaaaaaaaa,masta,"musibah karna signal yang eror
Mentri : oke kita perbaiki posisi gerbong perempuan.
GUA BARU TAU KALO POSISI GERBONG MEMPENGARUHI SIGNAL JALUR KERETA 😭",1639,1777358500,Negatif,"Kritik, penolakan, keluhan, atau sarkasme terhadap isi pernyataan/solusi",0.82,Tidak
17,liamonadie,Liliiiliyaaa 🪩,"sabar yaa para pria,aku juga shock dengernya😭",3771,1777385961,Negatif,"Kritik, penolakan, keluhan, atau sarkasme terhadap isi pernyataan/solusi",0.82,Tidak
18,hayang571,WALID,[Sticker] tidak fantas jadi mentri,445,1777364354,Negatif,"Kritik, penolakan, keluhan, atau sarkasme terhadap isi pernyataan/solusi",0.82,Tidak
19,desta_tea18,𝕯𝖊𝖘𝖙𝖆18✔,kami laki-laki juga ingin berumur panjang buk😭,803,1777391472,Negatif,"Kritik, penolakan, keluhan, atau sarkasme terhadap isi pernyataan/solusi",0.82,Tidak
20,radityaaaaaarrr,Radittt,"saya duduk di stasiun aja buk, barang” saya aja yang naik kereta",1574,1777380625,Negatif,"Kritik, penolakan, keluhan, atau sarkasme terhadap isi pernyataan/solusi",0.82,Tidak
21,balcomm,KIRLTZNS,[Sticker] gw yg sebagai cwoo,819,1777377626,Negatif,"Kritik, penolakan, keluhan, atau sarkasme terhadap isi pernyataan/solusi",0.82,Tidak
22,gausahdiliaaaat,faturahman,sekelas menteri pemikirannya seperti itu serius?,346,1777383461,Negatif,"Kritik, penolakan, keluhan, atau sarkasme terhadap isi pernyataan/solusi",0.82,Tidak
23,danda1306,@danda1306,salah buu... harusnya gerbong depan dan belakang kosongin jadi mengurangi kemungkinan byk korban jika terjadi kecelakaan serupa,366,1777380047,Negatif,"Kritik, penolakan, keluhan, atau sarkasme terhadap isi pernyataan/solusi",0.82,Tidak
24,menikmati77,pria_tanpa_kata,kami para laki laki walaupun ulang tahun jarang di rayakan juga kepengen panjang umur Bu 😭,323,1777439796,Negatif,"Kritik, penolakan, keluhan, atau sarkasme terhadap isi pernyataan/solusi",0.82,Tidak
25,sixbasss,bass,"gerbongnya udah bener, persinyalan kai itu diperbaiki sepertinya udah usang",2361,1777354448,Negatif,"Kritik, penolakan, keluhan, atau sarkasme terhadap isi pernyataan/solusi",0.82,Tidak
26,kaitodeluxe73,KaitoDeluxe,Sepakat.,732,1777358200,Positif,"Dukungan, persetujuan, atau afirmasi literal",0.76,Tidak
27,bgssaaaja_26,⃟,[Sticker] disuruh nyari solusi malah ganti formasi,588,1777417183,Negatif,"Kritik, penolakan, keluhan, atau sarkasme terhadap isi pernyataan/solusi",0.82,Tidak
28,chai_ran,Chai Ran,Gerbong paling depan dan belakang khusus bowtie titik!!!,189,1777416708,Negatif,"Kritik, penolakan, keluhan, atau sarkasme terhadap isi pernyataan/solusi",0.82,Tidak
29,tuanmudalrs,Tuan Muda LRS,"pemindahan posisi gerbong hanya sekedar penukaran posisi. dari insiden ini kecelakaan bukan terjadi di titik tabrakan (gerbong) tapi kecelakaan ini terjadi saat sistem gagal melindungi jalur. Maka dengan menggunakan metode Zerro Collision perbaikan akan fokus pada :
1. interlocking
2. Signaling
3. Automatic train protection
4. Fail-Safe System Design
sehingga dapat meminimalisir kejadian serupa.",213,1777364401,Negatif,"Kritik, penolakan, keluhan, atau sarkasme terhadap isi pernyataan/solusi",0.82,Tidak
30,fauzanzafra,Zafran,"NGOMONG YANG PENTING❌❌❌
YANG PENTING NGOMONG✅✅✅",577,1777359616,Negatif,"Kritik, penolakan, keluhan, atau sarkasme terhadap isi pernyataan/solusi",0.82,Tidak
31,orangbiasaa.ok,akuran,kami laki2 juga mau hidup bu,65,1777394967,Negatif,"Kritik, penolakan, keluhan, atau sarkasme terhadap isi pernyataan/solusi",0.82,Tidak
32,imeyrebels_,•IR✔️,biar bs nahan kaya bgini bun mksdnya??,261,1777388715,Negatif,"Kritik, penolakan, keluhan, atau sarkasme terhadap isi pernyataan/solusi",0.82,Tidak
33,bjornelvasilly,BjornElvasilly,"Kok gerbong nya, sistem nya bu di rapihin, itu signal nya benerin ,modernisasi lagi",994,1777357564,Negatif,"Kritik, penolakan, keluhan, atau sarkasme terhadap isi pernyataan/solusi",0.82,Tidak
34,tonirinjani,Toni Aji Rinjani M,"kalo kecelakaan lagi dan gerbong d tengah yang kena dampak lagi, mau d pindahin ke mana lagi ya?",172,1777356566,Negatif,"Kritik, penolakan, keluhan, atau sarkasme terhadap isi pernyataan/solusi",0.82,Tidak
35,endofjune__,End,"bu, klo saya bisa bantu yaa, mendingan begini bu ngomongnya, pertama pasti ibu bela sungkawa dulu, trus jawab aja semua hal yg terjadi akan di kaji ulang, bagaimana sebaiknya nanti kita akan lihat dari beberapa sudut pandang, dan dari ahlinya, semoga kedepannya kejadian seperti ini tidak terulang, begitu aja bu cukup",245,1777362583,Negatif,"Kritik, penolakan, keluhan, atau sarkasme terhadap isi pernyataan/solusi",0.82,Tidak
36,azeir_qw,azeir,menteri pemberdayaan pria dan perlindungan anak,571,1777357855,Negatif,"Kritik, penolakan, keluhan, atau sarkasme terhadap isi pernyataan/solusi",0.82,Tidak
37,ipaldim,sweetipall,LAH BERARTI GUA KEGENCET DONG NANTI KALO DI TARO UJUNG😭😩,154,1777358726,Negatif,"Kritik, penolakan, keluhan, atau sarkasme terhadap isi pernyataan/solusi",0.82,Tidak
38,mztkzzz26,🐲,"maaf ibu...
Jika gerbong Tengah Di timpa Pohon Besar usulan ibu kira kira pindah kemana lagi. saya Bertanya dengan sopan. terimakasih",52,1777429589,Negatif,"Kritik, penolakan, keluhan, atau sarkasme terhadap isi pernyataan/solusi",0.82,Tidak
39,yenimarini95,Yeni Marini | Simple Skincare,"bu maaf, kalo hemat saya ini bukan solusi. saya sebagai perempuan jg tidak setuju. krn semua nyawa itu berharga🙏 perbaiki saja sistem keamanan nya",219,1777372030,Negatif,"Kritik, penolakan, keluhan, atau sarkasme terhadap isi pernyataan/solusi",0.82,Tidak
40,petakunpad,kaye,kok pemikirannya CERDAS,99,1777367232,Negatif,"Kritik, penolakan, keluhan, atau sarkasme terhadap isi pernyataan/solusi",0.82,Tidak
41,aejafrans,Vickeyyy,berarti itu maksudnya?,59,1777354343,Negatif,"Kritik, penolakan, keluhan, atau sarkasme terhadap isi pernyataan/solusi",0.82,Tidak
42,cahyoindro5,kopipanembahan,"ini mentri apa ya .
...",12,1777364146,Negatif,"Kritik, penolakan, keluhan, atau sarkasme terhadap isi pernyataan/solusi",0.82,Tidak
43,massdamms,MassDamms,tenang bu,41,1777419085,Netral,Tidak ada opini jelas/komentar hanya sticker atau observasi,0.85,Tidak
44,indi.rynz,indirynz,"bukan masalah penempatannya... memang sudah tepat beradi diujung, nanti sulit mengaturnya kl ditengah... ini yg dikaji ke KAI-nya kenapa sinyalnya g berfungsi dg baik....",447,1777355561,Negatif,"Kritik, penolakan, keluhan, atau sarkasme terhadap isi pernyataan/solusi",0.82,Tidak
45,only8153,𝐎𝐌 𝐒𝐀𝐌𝐈𝐊𝐇𝐄𝐔,[Sticker] WALAUPUN KAMI JARANG MERAYAKAN ULANG TAHUN TAPI KAMI JUGA INGIN UMUR PANJANG,70,1777423064,Negatif,"Kritik, penolakan, keluhan, atau sarkasme terhadap isi pernyataan/solusi",0.82,Tidak
46,takashimura94,TAKASHIMURA,"makasih bu sarannya, besok saya di atas aja",106,1777422832,Negatif,"Kritik, penolakan, keluhan, atau sarkasme terhadap isi pernyataan/solusi",0.82,Tidak
47,alf.haikal,user7545627657202,"ampunnn wkwwk lucu ini anjirrrrrr tapi gpp bu, mau gimana lagi 😭🤣",200,1777354380,Negatif,"Kritik, penolakan, keluhan, atau sarkasme terhadap isi pernyataan/solusi",0.82,Tidak
48,alexvan.afrilio,Alexvan Afrilio,"kami jg ingin pnjang umur bu,,,, wlopun ultah kami jarang di rayain",40,1777421478,Negatif,"Kritik, penolakan, keluhan, atau sarkasme terhadap isi pernyataan/solusi",0.82,Tidak
49,om_boedhy,Om_Budhy,Anggota DPR di gerbong belakang dan depan saya lebih setuju,113,1777380221,Negatif,"Kritik, penolakan, keluhan, atau sarkasme terhadap isi pernyataan/solusi",0.82,Tidak
50,safatahpurwonoto,SAFATAH PURWONOTO,"saran saya gerbong paling depan dan paling belakang di tiadakan
namun langsung gerbong tengah aja kalo bisa",13,1777397835,Negatif,"Kritik, penolakan, keluhan, atau sarkasme terhadap isi pernyataan/solusi",0.82,Tidak
51,mahasvin_farm,Mahasvin Farm,bothi taro mana bu?,13,1777399949,Negatif,"Kritik, penolakan, keluhan, atau sarkasme terhadap isi pernyataan/solusi",0.82,Tidak
52,sapa_ahh,sapa ah,gerbong depan dan belakang di isi bubble wrap,78,1777441709,Negatif,"Kritik, penolakan, keluhan, atau sarkasme terhadap isi pernyataan/solusi",0.82,Tidak
53,xilauxiiu,omgy,gini kali ya maksudnya ibu menteri😭😭😭😭😭,38,1777388897,Negatif,"Kritik, penolakan, keluhan, atau sarkasme terhadap isi pernyataan/solusi",0.82,Tidak
54,duannnn_123,￴ ￴ ￴ ￴ ￴ ￴￴ ￴ ￴ ￴ ￴￴ ￴ ￴ ￴￴ ￴,bukannya kasih solusi malah ganti formasi,31,1777429889,Negatif,"Kritik, penolakan, keluhan, atau sarkasme terhadap isi pernyataan/solusi",0.82,Tidak
55,hjknbvy2,Caaa,Gerbong pertama sama terakhir di isi buble warp aja lah biar aman,64,1777388768,Negatif,"Kritik, penolakan, keluhan, atau sarkasme terhadap isi pernyataan/solusi",0.82,Tidak
56,hfdhz_e,muhammadhafidhzid,Cowo juga manusia bu,38,1777385524,Negatif,"Kritik, penolakan, keluhan, atau sarkasme terhadap isi pernyataan/solusi",0.82,Tidak
57,traxalaza,"TO,INK",seorang menteri jawabannya kaya adik gua yang masih SD,23,1777445578,Negatif,"Kritik, penolakan, keluhan, atau sarkasme terhadap isi pernyataan/solusi",0.82,Tidak
58,exp_120328,DOKTER ODGJ,"ngomong yang penting ❌
yang penting ngomong ✅",26,1777448329,Negatif,"Kritik, penolakan, keluhan, atau sarkasme terhadap isi pernyataan/solusi",0.82,Tidak
59,nzar_preset,𝐙𝐚𝐑 Prst,"gua mikir, kenapa kereta gk dibikin ada gerbong pengaman aja. mksdnya tuh buat gerbong paling belakang dan depan itu dijadiin gerbong kosong yang didesain aman ketika ada benturan, jadi bs buat penyangga/bantalan semisal ada tabrakan",17,1777415165,Negatif,"Kritik, penolakan, keluhan, atau sarkasme terhadap isi pernyataan/solusi",0.82,Tidak
60,firatamia,VIRA,Bu saya juga nungguin suami saya pulang Bu 🤣🤣,21,1777399683,Negatif,Humor/sarkasme yang cenderung mengkritik isi pernyataan,0.68,Ya
61,rickysugiarto,Ricky Sugiarto,"Seharusnya setelah lokomotif (kepala KRL) ditambahkan gerbong tambahan yang dikosongkan sebagai zona penyangga, serta pada bagian belakang rangkaian juga ditambahkan gerbong kargo yang dibiarkan kosong, guna meminimalkan risiko dan mencegah jatuhnya korban jiwa di masa mendatang.",41,1777381060,Negatif,"Kritik, penolakan, keluhan, atau sarkasme terhadap isi pernyataan/solusi",0.82,Tidak
62,fathur_empatt_bellas,Fathur 14,Walaupun kami jarang merayakan ulang tahun tapi kami juga pengen panjang umur buu🙏,14,1777436346,Negatif,"Kritik, penolakan, keluhan, atau sarkasme terhadap isi pernyataan/solusi",0.82,Tidak
63,malfian_gurinda01,Om_Kumis🥸,"[Sticker] 🗿Bahkan di dunia yang singkat ini, kami mau di persingkat lagi oleh aturan.",24,1777436574,Negatif,Humor/sarkasme yang cenderung mengkritik isi pernyataan,0.68,Ya
64,zahronionroy10,Onroy,"gerbong depan dan belakang khusus, JHONSON. GROCK. TRIGEAL. BELERICK. KUFRA. MINOTAUR.",15,1777377930,Negatif,"Kritik, penolakan, keluhan, atau sarkasme terhadap isi pernyataan/solusi",0.82,Tidak
65,mass_zorr,ZORDHI507,"Inget misi pak Ignasius Jonan, hilangkan perlintasan sebidang pada lintas KRL, mengingat aktifitas KRL yg semakin padat dan meningkat, di ganti dengan underpass atau fly over",73,1777361407,Negatif,"Kritik, penolakan, keluhan, atau sarkasme terhadap isi pernyataan/solusi",0.82,Tidak
66,kfcpest,lisinzix,KOK PINTERRR,11,1777379281,Negatif,"Kritik, penolakan, keluhan, atau sarkasme terhadap isi pernyataan/solusi",0.82,Tidak
67,sukadunhillhitam,anakmamah,ini reporter kasih pertanyaan plenger ditambah jawaban mentri makin plenger,149,1777379908,Negatif,"Kritik, penolakan, keluhan, atau sarkasme terhadap isi pernyataan/solusi",0.82,Tidak
68,fritzdnr,denial_,dikira mobile legend kali bisa gonta ganti item,47,1777388450,Negatif,"Kritik, penolakan, keluhan, atau sarkasme terhadap isi pernyataan/solusi",0.82,Tidak
69,reviansyahniz,ReviansyahNiz,Sepakat,17,1777360968,Positif,"Dukungan, persetujuan, atau afirmasi literal",0.76,Tidak
70,herman.purba23,Herman Purba,kami laki juga manusia bu ngga cuma ibu doang manusia 😌,13,1777383776,Negatif,"Kritik, penolakan, keluhan, atau sarkasme terhadap isi pernyataan/solusi",0.82,Tidak
71,_kamalkemal,𝙉𝙄𝙉𝙅𝘼 𝙎𝘼𝙄𝙏𝘼𝙈𝘼,"udah bagus2 tidur , malah di wawancarain 🗿",18,1777392388,Negatif,"Kritik, penolakan, keluhan, atau sarkasme terhadap isi pernyataan/solusi",0.82,Tidak
72,me_zea87,Rayna zea Pratomo,saya usul KAI yg di depan blakang itu khusus mentri dan pejabat aja,9,1777385973,Negatif,"Kritik, penolakan, keluhan, atau sarkasme terhadap isi pernyataan/solusi",0.82,Tidak
73,abaangbuncitt,PLAY BOY✅,"gimna klu gerbong depan dan belakang khusus keluarga ibu aja,...",12,1777602719,Negatif,"Kritik, penolakan, keluhan, atau sarkasme terhadap isi pernyataan/solusi",0.82,Tidak
74,alifaindri67,alifff,"Bu mohon maaf kalau semisal bilang gini gaakan susah kan ya bu? ""Untuk evaluasi penempatan gerbong sih tidak, karena memang ada beberapa faktor mengapa gerbong wanita berada di ujung depan dan belakang. Salah satunya untuk mencegah yg namanya harrasment, selain karena gerbong khusus wanita tapi juga gerbong ujung itu dekat dengan penjaga jadi dapat memberikan rasa aman. Dan untuk peristiwa ini akan kita kaji ulang, bagaimana sebaiknya nanti kita akan lihat dari beberapa sudut pandang dan dari para ahlinya. Namun, kita akan berupaya untuk meningkatkan lagi sistem keamanan transportasi publik tidak hanya kereta api melainkan semua transportasi publik lainnya. Dan himbauan kepada seluruh masyarakat Indonesia untuk dapat memahami dan mentaati rambu saat berkendara demi keselamatan bersama. Semoga kedepannya kejadian seperti ini tidak terulang kembali."" Sepertinya seperti ini cukup lumayan baik untuk menjawab pertanyaan tersebut daripada usulan perpindahan gerbong tersebut 🙏🏻",7,1777461165,Negatif,"Kritik, penolakan, keluhan, atau sarkasme terhadap isi pernyataan/solusi",0.82,Tidak
75,agoessantt,Agoessant,yg gerbong belakang itu khusus tank aja bu...,15,1777385195,Negatif,"Kritik, penolakan, keluhan, atau sarkasme terhadap isi pernyataan/solusi",0.82,Tidak
76,user223595368,───  Lihat 1.643 balasan,Sedikit Saran aja bu,81,1777420009,Negatif,"Kritik, penolakan, keluhan, atau sarkasme terhadap isi pernyataan/solusi",0.82,Tidak
77,notfont6,ES TEH MANIS💤,"meski kami jarang merayakan ulang tahun, kami juga ingin panjang umur🙂",13,1777437066,Negatif,"Kritik, penolakan, keluhan, atau sarkasme terhadap isi pernyataan/solusi",0.82,Tidak
78,_cillazio0926,Makaneat,Hrusnya ada bbrpa gerbong yg diperkuat bukan isinya di tuker . Jdi paling belakang itu yg bener2 materialnya yg kuat banget,7,1777374258,Negatif,"Kritik, penolakan, keluhan, atau sarkasme terhadap isi pernyataan/solusi",0.82,Tidak
79,pray.kha77,sssss💨,ini mah bukan mengurangi korban tapi mengganti korban,13,1777396268,Negatif,"Kritik, penolakan, keluhan, atau sarkasme terhadap isi pernyataan/solusi",0.82,Tidak
80,mailandes_zaika,Mailandes Zaika,"Yang lebih masuk akal dan terbukti efektif biasanya:
* Perbaikan sistem sinyal & kontrol (ini yang kamu soroti—dan ini memang krusial)
* Sistem pengaman otomatis (misalnya kereta berhenti sendiri kalau ada error)
* Perawatan rel dan armada yang konsisten
* Prosedur keselamatan & pelatihan petugas
* Desain gerbong yang lebih tahan benturan coba Ibu jwb kyk gini",22,1777367097,Negatif,"Kritik, penolakan, keluhan, atau sarkasme terhadap isi pernyataan/solusi",0.82,Tidak
81,kawsatujuli,w175,"kenapa berpikirnya gitu ya, ga kepikiran buat bikin safety, misal crumple zone atau crash energy management, supaya gerbong penumpang lebih safety",8,1777369456,Negatif,"Kritik, penolakan, keluhan, atau sarkasme terhadap isi pernyataan/solusi",0.82,Tidak
82,nofi_toped,nofi_toped,dikasih buffer gerbong kosong/cadangan aja 1 atau 2 belakang dan depan,17,1777363646,Negatif,"Kritik, penolakan, keluhan, atau sarkasme terhadap isi pernyataan/solusi",0.82,Tidak
83,sinta.shiken,shiken,kt gw mah ga ad msalah mau paling dpn apa belakang ya nmnya musibah mau ditaro dimana jg klo udh kehendak ga bs dirubah...,31,1777358675,Negatif,"Kritik, penolakan, keluhan, atau sarkasme terhadap isi pernyataan/solusi",0.82,Tidak
84,ig.mickielll,￴ ￴,di pikir spiderman kali ya bisa nahan kereta,61,1777374583,Negatif,"Kritik, penolakan, keluhan, atau sarkasme terhadap isi pernyataan/solusi",0.82,Tidak
85,rumahsehatalfadillah,Rumah Sehat Al Fadillah,Pemikiran sekelas mentri nih bosss,33,1777379928,Negatif,"Kritik, penolakan, keluhan, atau sarkasme terhadap isi pernyataan/solusi",0.82,Tidak
86,bogygdowhe5,Dewi Arthemis,bukan sinyal yg diperbaiki tapi kembalikan ke standar keselamatan kereta. yaitu jarak kereta satu ke lainnya itu minimal 30 menit. pershitan dgn penumpukan penumpang itu sudah standar keselatan yg diabaikan KAI akibat pemenuhan kebutuhan.. 😱😱😱,7,1777361733,Negatif,"Kritik, penolakan, keluhan, atau sarkasme terhadap isi pernyataan/solusi",0.82,Tidak
87,bettycathouse.id,Betty Cat House,gini kan bu maksud nya🗿,38,1777387407,Negatif,Humor/sarkasme yang cenderung mengkritik isi pernyataan,0.68,Ya
88,apriliana10,🦢,Ga gitu juga ga si konsepnya😭,35,1777383190,Negatif,Humor/sarkasme yang cenderung mengkritik isi pernyataan,0.68,Ya
89,cjoyx3,bebekpeking,gue juga kalo baru bangun tidur ditanyain agak ngelantur juga sih😌,20,1777379429,Negatif,"Kritik, penolakan, keluhan, atau sarkasme terhadap isi pernyataan/solusi",0.82,Tidak
90,byfarizi_,Adjie,Ngomong Yang Penting ❌ Yang Penting Ngomong ✅,36,1777382517,Negatif,"Kritik, penolakan, keluhan, atau sarkasme terhadap isi pernyataan/solusi",0.82,Tidak
91,baribarubara,aruma,mindahin gerbong gak menyelesaikan masa bu,10,1777357922,Negatif,"Kritik, penolakan, keluhan, atau sarkasme terhadap isi pernyataan/solusi",0.82,Tidak
92,seref_22,𝙍𝙖𝙛𝒊,walaupun kami jarang dirayakan ulang tahun tapi kami mau panjang umur juga bu🥲,16,1777441090,Negatif,"Kritik, penolakan, keluhan, atau sarkasme terhadap isi pernyataan/solusi",0.82,Tidak
93,inimhcumarasa,Sexisa B,"malah lebih aneh kalo di tengah, mobilitas didalam gerbong malah ke ganggu",16,1777356417,Negatif,"Kritik, penolakan, keluhan, atau sarkasme terhadap isi pernyataan/solusi",0.82,Tidak
94,asephendro,Asep Hendro737,yang jadi masalah bukan gerbong sih..lebih ke jalur dan palang pintu kereta kan? solusi paling tepat bangun under pas dan jembatan di jalur perkotaan ramai kendaraan,12,1777384920,Negatif,"Kritik, penolakan, keluhan, atau sarkasme terhadap isi pernyataan/solusi",0.82,Tidak
95,nona_andin,Ms. Andin,"Bukan soal posisi gerbong, Arifah.
Tp perawatan fasilitas KAI (sinyal, rel, palang pintu, dll.) dan tindak tegas pelanggar lalu lintas di area perlintasan kereta api.",31,1777359439,Negatif,"Kritik, penolakan, keluhan, atau sarkasme terhadap isi pernyataan/solusi",0.82,Tidak
96,irfanrizmawan,irfan,"mau di depan di tengah di belakang, kalo udah waktu kecelakaan ya sama aja Bu. yg harus di benahi bagaimana penanganan secepat mungkin saat ada trouble baik di lajur, komunikasi antar petugas yg berjaga, sistem yg mungkin harus di ubah jga agar kejadian serupa tidak terulang, setidaknya anda sudah melakukan segala usaha untuk pencegahan, untuk hasilnya serahkan kepada yg maha kuasa",4,1777379070,Negatif,"Kritik, penolakan, keluhan, atau sarkasme terhadap isi pernyataan/solusi",0.82,Tidak
97,joshua_banjarnahor,banjarnahor,"Memindahkan posisi gerbong adalah solusi ""kosmetik"" yang tidak menyelesaikan akar masalah keselamatan transportasi. Keselamatan adalah hak dasar seluruh penumpang. Solusi terbaik adalah modernisasi sistem persinyalan dan pengadaan sarana yang tahan benturan, sehingga di mana pun penumpang duduk (depan, tengah, atau belakang), mereka tetap terlindungi secara maksimal",16,1777379103,Negatif,"Kritik, penolakan, keluhan, atau sarkasme terhadap isi pernyataan/solusi",0.82,Tidak
98,oppa.70,Malik,gerbong belakang buat menteri PPPA,5,1777620041,Negatif,"Kritik, penolakan, keluhan, atau sarkasme terhadap isi pernyataan/solusi",0.82,Tidak
99,apelov0,nabilaaa,stresss.,12,1777384228,Negatif,"Kritik, penolakan, keluhan, atau sarkasme terhadap isi pernyataan/solusi",0.82,Tidak
100,weka.tor,Weka Tor,[Sticker] kali ini tidak sepakat,7,1777388853,Negatif,"Kritik, penolakan, keluhan, atau sarkasme terhadap isi pernyataan/solusi",0.82,Tidak
101,lliasbggrg,💪🏻💪🏻,bu kenya jawaban gpt pro gw lebih pinter deh dibandingkan solusi yg ga solutif ini,11,1777384503,Negatif,"Kritik, penolakan, keluhan, atau sarkasme terhadap isi pernyataan/solusi",0.82,Tidak
102,uusernotactivee,.,solusi yg tidak menjawab. Ini kagak mikir apa gmna siii …,10,1777384834,Negatif,"Kritik, penolakan, keluhan, atau sarkasme terhadap isi pernyataan/solusi",0.82,Tidak
103,drakkxen,NAN,asbun banget jir jawabannya bukannya ngasih solusi😭,43,1777383931,Negatif,"Kritik, penolakan, keluhan, atau sarkasme terhadap isi pernyataan/solusi",0.82,Tidak
104,cantyanaraditya,MALEN,"Solusi ❌
Rotasi ✅",18,1777463690,Negatif,"Kritik, penolakan, keluhan, atau sarkasme terhadap isi pernyataan/solusi",0.82,Tidak
105,ate.fitt,𝘿𝙖𝙡𝙚𝙢 𝙎𝙖𝙮𝙖𝙣𝙜,kasih buble wrap bu depan belakang biar aman😭😭,16,1777427902,Negatif,"Kritik, penolakan, keluhan, atau sarkasme terhadap isi pernyataan/solusi",0.82,Tidak
106,triclara6,Triclara,Nyari solusi bu harus nya bukan malah ganti pemain 🥲,14,1777421814,Negatif,"Kritik, penolakan, keluhan, atau sarkasme terhadap isi pernyataan/solusi",0.82,Tidak
107,wheniseeiloveu,rabrobbb,[Sticker] walaupun kami jarang merayakan ulang tahun tapi kami juga pengen panjang umur buu🙏,14,1777419535,Negatif,"Kritik, penolakan, keluhan, atau sarkasme terhadap isi pernyataan/solusi",0.82,Tidak
108,gf.indonesia,𝙂𝘼𝙍𝙐𝘿𝘼 𝙁𝙊𝙊𝙏𝘽𝘼𝙇𝙇,ngomong apa sih😭😭,17,1777358495,Negatif,Humor/sarkasme yang cenderung mengkritik isi pernyataan,0.68,Ya
109,hagiiprygo_,hgy,"[Sticker] ini solusi dari saya bu, gimana kalo rute kereta api diubah aja kearah rumah ibu",11,1777467417,Negatif,"Kritik, penolakan, keluhan, atau sarkasme terhadap isi pernyataan/solusi",0.82,Tidak
110,anggazelll,Hiramekarei,walaupun kami jarang merayakan ulang tahun tapi kami juga pengen panjang umur buu🙏,11,1777426415,Negatif,"Kritik, penolakan, keluhan, atau sarkasme terhadap isi pernyataan/solusi",0.82,Tidak
111,.user_name456,Username,minimal kalau belum ada solusi bilang aja kita fokus pemulihan dulu ya. khususnya untuk para korban.,11,1777418280,Negatif,"Kritik, penolakan, keluhan, atau sarkasme terhadap isi pernyataan/solusi",0.82,Tidak
112,daimanw1,daimanw,siapp bu,10,1777415265,Netral,Tidak ada opini jelas/komentar hanya sticker atau observasi,0.85,Tidak
113,fius.me,301,keberatan bros inimah makanya jawabanya nglantur😭,7,1777427091,Negatif,Humor/sarkasme yang cenderung mengkritik isi pernyataan,0.68,Ya
114,thererers,jangkung,"Srius ini menteri, ko gini banget ya Indonesia😭",7,1777378720,Negatif,"Kritik, penolakan, keluhan, atau sarkasme terhadap isi pernyataan/solusi",0.82,Tidak
115,meliday01,Meliday,Saya baru bangun loh bu masih belekan lgsung ngikkk ngikkk,5,1777418289,Negatif,"Kritik, penolakan, keluhan, atau sarkasme terhadap isi pernyataan/solusi",0.82,Tidak
116,downeyy_10,Downey,sepakat,6,1777381457,Positif,"Dukungan, persetujuan, atau afirmasi literal",0.76,Tidak
117,tukangtahu29,#kembangtahu,nyari solusi dan kesimpulan kok peak,5,1777380432,Negatif,"Kritik, penolakan, keluhan, atau sarkasme terhadap isi pernyataan/solusi",0.82,Tidak
118,bajuljowo,Agus Waluyo,potensi viral,5,1777355229,Negatif,"Kritik, penolakan, keluhan, atau sarkasme terhadap isi pernyataan/solusi",0.82,Tidak
119,cakdarto_,Cakdarto,ibu ini lucu juga ya,34,1777354541,Negatif,"Kritik, penolakan, keluhan, atau sarkasme terhadap isi pernyataan/solusi",0.82,Tidak
120,malayekageulis,Malayekacans,"Solusi No
Pergantian Pemain Yes😭😭",26,1777389244,Negatif,Humor/sarkasme yang cenderung mengkritik isi pernyataan,0.68,Ya
121,astrophile_297,່,[Sticker] mungkin begini ya,22,1777382861,Netral,Tidak ada opini jelas/komentar hanya sticker atau observasi,0.85,Tidak
122,nothing_betttter,𝙨𝙖𝙗𝙪𝙣 𝙚𝙠𝙤𝙣𝙤𝙢𝙞,aura membanding bandingkan dengan anak tetangga kuat sekali,19,1777414109,Negatif,"Kritik, penolakan, keluhan, atau sarkasme terhadap isi pernyataan/solusi",0.82,Tidak
123,bukh918,adam,solusi yang SANGAT TIDAK BERMANFAAT,19,1777383890,Negatif,"Kritik, penolakan, keluhan, atau sarkasme terhadap isi pernyataan/solusi",0.82,Tidak
124,fidisora,fidisora,ngga solutif banget. memindahkan gerbong bukan solusi mengantisipasi korban tapi mengganti korban.,19,1777374163,Negatif,"Kritik, penolakan, keluhan, atau sarkasme terhadap isi pernyataan/solusi",0.82,Tidak
125,ihkepooooooooooooooo,wahyudi ramadhan,"ngomong yang penting ❌
yang penting ngomong ✅",18,1777378545,Negatif,"Kritik, penolakan, keluhan, atau sarkasme terhadap isi pernyataan/solusi",0.82,Tidak
126,sdmprbd,damss,"ngomong penting ❎
yg penting ngomong✅",18,1777357626,Negatif,"Kritik, penolakan, keluhan, atau sarkasme terhadap isi pernyataan/solusi",0.82,Tidak
127,jikhhiih,Zaki   ROG,[Sticker] gini aja,13,1777601885,Negatif,"Kritik, penolakan, keluhan, atau sarkasme terhadap isi pernyataan/solusi",0.82,Tidak
128,jkhsjjsjndnjdk,jdihkdh,"ngomong yg penting, yg penting ngomong",16,1777359159,Negatif,"Kritik, penolakan, keluhan, atau sarkasme terhadap isi pernyataan/solusi",0.82,Tidak
129,rianhidayat030,Rian Hidayat,"nyari solusi ❌
yang penting ngomong ✅",15,1777385450,Negatif,"Kritik, penolakan, keluhan, atau sarkasme terhadap isi pernyataan/solusi",0.82,Tidak
130,assshhhh022,assshhhh,CAPE BGT BACAIN KOMEN😭,15,1777379739,Negatif,Humor/sarkasme yang cenderung mengkritik isi pernyataan,0.68,Ya
131,robaqii,Robaqi,Sitem nya yg di evaluasi bukan mindahin Gerbong 🗿,15,1777377467,Negatif,"Kritik, penolakan, keluhan, atau sarkasme terhadap isi pernyataan/solusi",0.82,Tidak
132,estu_98,Est..,"ngomong yang penting ❌
yang penting ngomong ✅",10,1777723504,Negatif,"Kritik, penolakan, keluhan, atau sarkasme terhadap isi pernyataan/solusi",0.82,Tidak
133,holil_yahya,Cemilan Abim,Capek bgt ngetawain komen 🤣,10,1777645444,Negatif,Humor/sarkasme yang cenderung mengkritik isi pernyataan,0.68,Ya
134,amarzz5578,عمار عباد الرحمان,"Gerbong belakang jadi bemper aja, atau di desain gerbong belakang dikosongkan jadi bemper, lokomotifnya juga di kasih bemper yg bisa meredam benturan atau meminimalisir dampak dari benturan, ikhtiar tidaklah merusak tawakal dan tidaklah menolak takdir. Tapi ide tersebut mungkin di anggap tidak efektif dan efisien serta pesimis, tidak optimia, tidak tawakal.",13,1777385166,Negatif,"Kritik, penolakan, keluhan, atau sarkasme terhadap isi pernyataan/solusi",0.82,Tidak
135,tr4basz,MoU,simtemnya yg dibenahi bkn posisinya,13,1777363905,Negatif,"Kritik, penolakan, keluhan, atau sarkasme terhadap isi pernyataan/solusi",0.82,Tidak
136,jay.muhlam,jay.muhlam,[Sticker] bukan nya cari solusi malah ganti formasi,12,1777448863,Negatif,"Kritik, penolakan, keluhan, atau sarkasme terhadap isi pernyataan/solusi",0.82,Tidak
137,rumah.sehatoffical,Klinik_sehat,"seharusnya ada sistem keselamatan berbasis bersama.. jgn berbasis satu sistem saja.. masinis harusnya punya koneksi ke kereta di belakangnya.. jika kereta A sudah memberikan sinyal berhenti ke kereta di belakangnya, maka tinggal menunggu tanggapan kereta B sambil berjalan pelan selama jalur di depannya kosong hingga kereta B memberikan sinyal balik bahwa mereka sudah mengcopy dan merespon sinyal.. jadi jgn langsung berhenti mendadak. serta bagian ujung2 kereta ada lampu sinyal khusus keadaan darurat agar kereta yang jaraknya berdekatan pun masih sempat melihat sinyal secara visual langsung. gerbong belakang juga harusnya di rancang sistem tanggap darurat.. dan bisa terbuka otomatis saat keadaan beresiko tinggi sesuai tanggapan sinyal kereta di depan nya.. namun tidak di respon oleh kereta di belakangnya.. petugas keamanan bagian belakang sudah bersiap memberikan aba2 kpd gerbong belakang untuk keluar jika kereta belakang tidak memberikan respon. gmn cocok gk gua jadi pimpinan HSE di PT KAI ?",12,1777377627,Negatif,"Kritik, penolakan, keluhan, atau sarkasme terhadap isi pernyataan/solusi",0.82,Tidak
138,zero.nts,Arf,Solusi yg tidak menyelesaikan masalah 😅,12,1777364275,Negatif,"Kritik, penolakan, keluhan, atau sarkasme terhadap isi pernyataan/solusi",0.82,Tidak
139,mas..afin,Mas Afin,ga sekalian paling depan aja 😭,12,1777361289,Negatif,"Kritik, penolakan, keluhan, atau sarkasme terhadap isi pernyataan/solusi",0.82,Tidak
140,tiara.aila92,Tiara aila,bagaimana kalau gerbong paling depan dan belakang diisi para pejabat bu,11,1777385147,Negatif,"Kritik, penolakan, keluhan, atau sarkasme terhadap isi pernyataan/solusi",0.82,Tidak
141,haesmbuh_,Mas ✅️,😢 miris pernyataan seperti ini keluar dari mulut mentri,11,1777373592,Negatif,"Kritik, penolakan, keluhan, atau sarkasme terhadap isi pernyataan/solusi",0.82,Tidak
142,siluman_kangguru,siluman_kangguru,ngomong yang penting ❎️yang penting ngomong ✅️,11,1777368466,Negatif,"Kritik, penolakan, keluhan, atau sarkasme terhadap isi pernyataan/solusi",0.82,Tidak
143,byebyelemakjahat,namsjuug,"Kenapa fokusnya di posisi gerbong?. Fokusnya di infrasuktur lainnya. Sistemnya, tracknya, palang pintunya dll. Mau gerbongnya dipindah kalo insfrasukturnya gak ditingkatin ya kejadian lagi.",11,1777362512,Negatif,"Kritik, penolakan, keluhan, atau sarkasme terhadap isi pernyataan/solusi",0.82,Tidak
144,wongbumiayu91,HYA-Store,"paling tepat udh bner penempatan gerbong wanita d paling depan dan paling belakang, krn kan jml gerbong beda2, klo posisi d tengah itu akan susah utk mengatur nya. ini musibah dan hrs bener2 d evaluasi terkait persinyalan. jujur saya pengguna kereta API. argo bromo anggrek langganan saya tiap 2 minggu sekali PP jkarta - surabaya. krl nya jga langganan utk melanjutkan perjalanan ke stasiun maja tujuan rumah.",11,1777356630,Negatif,"Kritik, penolakan, keluhan, atau sarkasme terhadap isi pernyataan/solusi",0.82,Tidak
145,davidlubbay,David lubbay,pak presiden klau milih pejabat yg cerdas lah,10,1777435244,Negatif,"Kritik, penolakan, keluhan, atau sarkasme terhadap isi pernyataan/solusi",0.82,Tidak
146,muhamad.1453,Muhamad salim,[Sticker] walaupun kami jarang merayakan ulang tahun tapi kami juga pengen panjang umur buu🙏,10,1777433467,Negatif,"Kritik, penolakan, keluhan, atau sarkasme terhadap isi pernyataan/solusi",0.82,Tidak
147,elizabethr_majestic2,ElizabethR Majestic,"Setiap manusia memiliki hak hidup yang sama tanpa pengecualian. Hal ini secara tegas dijamin dalam Undang-Undang Dasar 1945, khususnya Pasal 28A yang menyatakan bahwa “Setiap orang berhak untuk hidup serta berhak mempertahankan hidup dan kehidupannya.” Selain itu, Pasal 28D ayat (1) juga menegaskan bahwa setiap orang berhak atas pengakuan, jaminan, perlindungan, dan kepastian hukum yang adil serta perlakuan yang sama di hadapan hukum.
Berdasarkan hal tersebut, tidak seharusnya ada kebijakan yang terkesan membedakan nilai keselamatan antara satu kelompok dengan kelompok lainnya, baik itu laki-laki maupun perempuan. Dalam situasi yang menyangkut keselamatan jiwa, seluruh manusia memiliki hak yang setara untuk dilindungi tanpa adanya prioritas yang dapat menimbulkan kesan bahwa satu nyawa lebih penting dibanding yang lain.
Meskipun tujuan perlindungan terhadap perempuan dapat dipahami dari sisi sosial dan keamanan, kebijakan publik tetap harus mempertimbangkan prinsip keadilan yang menyeluruh. Perlindungan tidak boleh mengarah pada perlakuan yang menimbulkan ketimpangan dalam hak dasar, terutama hak untuk hidup yang bersifat mutlak dan tidak tergantikan.
Oleh karena itu, setiap kebijakan seharusnya dirancang secara hati-hati, berbasis data, serta mempertimbangkan keselamatan seluruh penumpang tanpa terkecuali, sehingga nilai keadilan dan kemanusiaan tetap terjaga sesuai dengan amanat konstitusi.",10,1777397295,Negatif,"Kritik, penolakan, keluhan, atau sarkasme terhadap isi pernyataan/solusi",0.82,Tidak
148,iizzdhhh,iz,"ngomong yang penting ❎
yang penting ngomong ✅",10,1777380493,Negatif,"Kritik, penolakan, keluhan, atau sarkasme terhadap isi pernyataan/solusi",0.82,Tidak
149,riostigma,Rio Al Rasyid,pantesssss pemerintah kita mengalami kemunduran kinerja,10,1777364413,Negatif,"Kritik, penolakan, keluhan, atau sarkasme terhadap isi pernyataan/solusi",0.82,Tidak
150,anjayselibawgedubrak,vita mahjing,GAKUAT LUCU BGT STATEMENTNYA,9,1777471611,Negatif,"Kritik, penolakan, keluhan, atau sarkasme terhadap isi pernyataan/solusi",0.82,Tidak
151,neont_s7,N E O N  S7,"izin, turut berdukacita buat suami ibuk🗿",9,1777445747,Negatif,"Kritik, penolakan, keluhan, atau sarkasme terhadap isi pernyataan/solusi",0.82,Tidak
152,udatos11,ι ωαηт тσ ѕнє👻,Dari cara beliau memberikan solusi ini sudah cukup menunjukkan kualitas dirinya 🔥,9,1777431321,Negatif,"Kritik, penolakan, keluhan, atau sarkasme terhadap isi pernyataan/solusi",0.82,Tidak
153,reristaofficial,Rerista Store,stand up comedy ini keren..keren gublox nya..,9,1777376968,Negatif,"Kritik, penolakan, keluhan, atau sarkasme terhadap isi pernyataan/solusi",0.82,Tidak
154,kuihuazi,ydhya,wow SOLUSI tuh,9,1777376528,Negatif,"Kritik, penolakan, keluhan, atau sarkasme terhadap isi pernyataan/solusi",0.82,Tidak
155,rianswann,rian,"Ga ngaruh njiirrr mau dimanapun duduknya kecelakaan gabisa dihindarin, yg dibenerin tuh sistemnya, jelas2 salah sistem yg dibenerin duduknya",9,1777362304,Negatif,"Kritik, penolakan, keluhan, atau sarkasme terhadap isi pernyataan/solusi",0.82,Tidak
156,ghalmadz120407,MADZZ,"[Sticker] meski kami jarang merayakan ulang tahun, kami juga ingin panjang umur",8,1777438078,Negatif,"Kritik, penolakan, keluhan, atau sarkasme terhadap isi pernyataan/solusi",0.82,Tidak
157,hengki.firmansyah975,￴￴,"padahal mentri, bukannya ngasih solusi malah numbalin.",8,1777434511,Negatif,"Kritik, penolakan, keluhan, atau sarkasme terhadap isi pernyataan/solusi",0.82,Tidak
158,fian2810,NDR,[Sticker] yg ibu maksut,7,1777565910,Netral,Tidak ada opini jelas/komentar hanya sticker atau observasi,0.85,Tidak
159,evan.pattiwael,Evandrian_,Saya setuju gerbong yg depan ibu dan gerbong belakang suami ibu,8,1777430565,Negatif,"Kritik, penolakan, keluhan, atau sarkasme terhadap isi pernyataan/solusi",0.82,Tidak
160,indarrasidoedan,Indar rasido edan,saya mengusulkan nanti ibu yang taruh di atas 🙏,8,1777428632,Negatif,"Kritik, penolakan, keluhan, atau sarkasme terhadap isi pernyataan/solusi",0.82,Tidak
161,radengiri_,𝑹𝑨𝑫𝑬𝑵 𝑮𝑰𝑹𝑰,[Sticker] kenapa gak usulkan pasang buble wrap aja bu,8,1777422192,Negatif,"Kritik, penolakan, keluhan, atau sarkasme terhadap isi pernyataan/solusi",0.82,Tidak
162,real_hy,Hys🦋,Ngomong yg penting ❌ yg penting ngomong ✅,8,1777418063,Negatif,"Kritik, penolakan, keluhan, atau sarkasme terhadap isi pernyataan/solusi",0.82,Tidak
163,youone3110,YOU3110ONE,"itu bkn solusi tp cuma mengganti korban aj....
harusnya gmn caranya agar tdk terjadi kecelakaan...seandainya kecelakaan bgmn caranya menghindari korban",8,1777381509,Negatif,"Kritik, penolakan, keluhan, atau sarkasme terhadap isi pernyataan/solusi",0.82,Tidak
164,almeera_jasmine,Jasmine˚୨୧,"semua nyawa itu berharga Buk baik laki² maupun perempuan, knpa malah bgtu jawabnya 😩",8,1777372940,Negatif,"Kritik, penolakan, keluhan, atau sarkasme terhadap isi pernyataan/solusi",0.82,Tidak
165,fathurperdanaa,Fathur Perdana,"ngomong yang penting ❌
yang penting ngomong ✅",8,1777372927,Negatif,"Kritik, penolakan, keluhan, atau sarkasme terhadap isi pernyataan/solusi",0.82,Tidak
166,1sh.1sh.1sh,Ish Ish Ish,"aku maklum, lulusan SMA soalnya🥰",8,1777366039,Negatif,"Kritik, penolakan, keluhan, atau sarkasme terhadap isi pernyataan/solusi",0.82,Tidak
167,raii_sraayyyy,sraayyyy,ya Allah bu. kalo yg celaka laki laki kesian juga bu. coba pikirin solusinya tuh gimana gerbong tetap aman kalo sekiranya ada kejadian tdk terduga kek gini. jangan menyederhanakan sesuatu yg tidak sederhana bu.,8,1777361147,Negatif,"Kritik, penolakan, keluhan, atau sarkasme terhadap isi pernyataan/solusi",0.82,Tidak
168,ardieffendi21,Siii_Ardiii,"ngomong penting❌
yang penting ngomong✅",7,1777441213,Negatif,"Kritik, penolakan, keluhan, atau sarkasme terhadap isi pernyataan/solusi",0.82,Tidak
169,user95761315273098,user95761315273098,"ngomong yang penting ❎
yang penting ngomong ✅",7,1777430755,Negatif,"Kritik, penolakan, keluhan, atau sarkasme terhadap isi pernyataan/solusi",0.82,Tidak
170,alisihadi21,ali_sihadi,[Sticker] gini kah maksudnya🗿,7,1777394532,Negatif,"Kritik, penolakan, keluhan, atau sarkasme terhadap isi pernyataan/solusi",0.82,Tidak
171,realllw_,rell,"woy sumpah gua ngakak banget malem""😭🙏",7,1777389685,Negatif,"Kritik, penolakan, keluhan, atau sarkasme terhadap isi pernyataan/solusi",0.82,Tidak
172,fkribm,fik,ini siapa sih dong o bgttt,7,1777382413,Negatif,"Kritik, penolakan, keluhan, atau sarkasme terhadap isi pernyataan/solusi",0.82,Tidak
173,attacklim88,Atak Lim88,Harusnya ada sensor ABS di gerbong Masinis jadi jika terjadi ada trouble atau ada kecelakaan KA otomatis ngerem .Bagaimana ide saya ini Bu 🙏masuk akal kan,7,1777381755,Negatif,"Kritik, penolakan, keluhan, atau sarkasme terhadap isi pernyataan/solusi",0.82,Tidak
174,roobi89,roobi89,"usul teraneh, hrsnya evaluasi sistem, kinerja staf jgn lupa pengamanan track lintasan. klo mau gerbong depan belakang khusus pejabat/ dpr",7,1777379826,Negatif,"Kritik, penolakan, keluhan, atau sarkasme terhadap isi pernyataan/solusi",0.82,Tidak
175,minlyptwi,heey,"ya Allah, gak kasih solusi sama sekali 😭😭",7,1777375580,Negatif,"Kritik, penolakan, keluhan, atau sarkasme terhadap isi pernyataan/solusi",0.82,Tidak
176,sampaihatiyah,titikoma,STRESSSS MAKIN SUSAH NANTI ATURANNYA,7,1777375202,Negatif,"Kritik, penolakan, keluhan, atau sarkasme terhadap isi pernyataan/solusi",0.82,Tidak
177,aepgolodog,ID 79,yg salah bagian traffic signal. .human error...,7,1777356361,Negatif,"Kritik, penolakan, keluhan, atau sarkasme terhadap isi pernyataan/solusi",0.82,Tidak
178,myadi032,M Yadi,"mau dibelakang atau didepan ga ada pengaruhnya,namanya jg musibah.",7,1777356028,Negatif,"Kritik, penolakan, keluhan, atau sarkasme terhadap isi pernyataan/solusi",0.82,Tidak
179,awrie76,Riie👾,[Sticker] walaupun kami jarang merayakan ulang tahun tapi kami juga pengen panjang umur buu🙏,6,1777453868,Negatif,"Kritik, penolakan, keluhan, atau sarkasme terhadap isi pernyataan/solusi",0.82,Tidak
180,ananda.nicolaus.p,gold is great,[Sticker] siap buuuu,6,1777447939,Netral,Komentar terlalu singkat/ambigu untuk polaritas kuat,0.7,Ya
181,earthz_v,eksamsi_,mending di ganti aja ni mentri,6,1777435595,Negatif,"Kritik, penolakan, keluhan, atau sarkasme terhadap isi pernyataan/solusi",0.82,Tidak
182,wahyudinbogor99,JAWARA JAMPANG,[Sticker] kalo gabisa ngasi solusi gausah ngomong,6,1777432103,Negatif,"Kritik, penolakan, keluhan, atau sarkasme terhadap isi pernyataan/solusi",0.82,Tidak
183,ar2a14,ポロロ,buu saya laki2 juga terbuat dari tanah liat buu bukan dari besi baja😭😭tolong,6,1777429593,Negatif,"Kritik, penolakan, keluhan, atau sarkasme terhadap isi pernyataan/solusi",0.82,Tidak
184,ryanpahlawan,Kupay,[Sticker] disuruh kasih solusi malah ganti formasi,6,1777424295,Negatif,"Kritik, penolakan, keluhan, atau sarkasme terhadap isi pernyataan/solusi",0.82,Tidak
185,alfqmidi_,𝖌𝖎𝖗𝖎𝖒𝖆𝖉𝖆,[Sticker] asbun banget,6,1777414826,Negatif,"Kritik, penolakan, keluhan, atau sarkasme terhadap isi pernyataan/solusi",0.82,Tidak
186,putsepp,_putsep,"Buu mon maap ini bukan solusi, ada2 aja deh idenya kya Mr. DIY 😭",6,1777391843,Negatif,"Kritik, penolakan, keluhan, atau sarkasme terhadap isi pernyataan/solusi",0.82,Tidak
187,lololi0996,lenita,pinter amat sih bun jawabannyaa sukaa dehh,6,1777390782,Negatif,"Kritik, penolakan, keluhan, atau sarkasme terhadap isi pernyataan/solusi",0.82,Tidak
188,salmahhusnaini,xenaa,normalisasi DPR naik kereta gerbong belakang sama depan aja🙏🏻🙏🏻,6,1777389097,Negatif,"Kritik, penolakan, keluhan, atau sarkasme terhadap isi pernyataan/solusi",0.82,Tidak
189,lyaulsd,cya,anjirlah stop😭,6,1777386282,Negatif,Humor/sarkasme yang cenderung mengkritik isi pernyataan,0.68,Ya
190,rulifauzi32,Ruli Fauzi,[Sticker] gua sebagai lelaki,6,1777383733,Negatif,"Kritik, penolakan, keluhan, atau sarkasme terhadap isi pernyataan/solusi",0.82,Tidak
191,edelweissfarm,Edelweiss,"buk yg harus di benahi itu sistem perlintasan kereta nya ,KLO pindah pindah gerbong itu bukan solusi ...ya ampun",6,1777378781,Negatif,"Kritik, penolakan, keluhan, atau sarkasme terhadap isi pernyataan/solusi",0.82,Tidak
192,chzmilyn,ipnz,usulannya ga bermutu bu,6,1777377070,Negatif,"Kritik, penolakan, keluhan, atau sarkasme terhadap isi pernyataan/solusi",0.82,Tidak
193,anjum19955,Aanjum 95 😎,SARAN GUA KERETA API PAKE REM TANGAN,6,1777376286,Negatif,"Kritik, penolakan, keluhan, atau sarkasme terhadap isi pernyataan/solusi",0.82,Tidak
194,wahyudi.anugrah_,Zazuu:),"POV :
Jawab Ngasal dulu ah.. Entar Juga Klarifikasi😌",6,1777375236,Negatif,"Kritik, penolakan, keluhan, atau sarkasme terhadap isi pernyataan/solusi",0.82,Tidak
195,gala8l0,gala8l0,atas dasar apa mengusulkan begitu? ga masuk akal bu😌,6,1777364231,Negatif,"Kritik, penolakan, keluhan, atau sarkasme terhadap isi pernyataan/solusi",0.82,Tidak
196,wahyu.id_,WahyuID,"lebih baik, depan belakang, ada gerbong kosong",6,1777363061,Negatif,"Kritik, penolakan, keluhan, atau sarkasme terhadap isi pernyataan/solusi",0.82,Tidak
197,jepretgabut,Luthfiee_24,Ngomong yang penting ❎ Yang penting ngomong ✅,6,1777361868,Negatif,"Kritik, penolakan, keluhan, atau sarkasme terhadap isi pernyataan/solusi",0.82,Tidak
198,ng3xx,Rosinante Irawan,"cuma butuh solusi sih..
bukan formasi. 😅😅",5,1777484308,Negatif,"Kritik, penolakan, keluhan, atau sarkasme terhadap isi pernyataan/solusi",0.82,Tidak
199,reyxcailin,Rey31,KU KIRA CARI SOLUSI TERNYATA GANTI FORMASI 🗿,5,1777470709,Negatif,"Kritik, penolakan, keluhan, atau sarkasme terhadap isi pernyataan/solusi",0.82,Tidak
200,firdaus78725,firdaus 78,"hei ibuk solusinya,gerbong kosong depan sama belakang",5,1777460286,Negatif,"Kritik, penolakan, keluhan, atau sarkasme terhadap isi pernyataan/solusi",0.82,Tidak
201,ventera05,ven,[Sticker] WALAUPUN KAMI JARANG RAYAKAN ULANG TAHUN TAPI KAMI JUGA PENGEN PANJANG UMUR,5,1777448817,Negatif,"Kritik, penolakan, keluhan, atau sarkasme terhadap isi pernyataan/solusi",0.82,Tidak
202,ylfrhh,ylf,yaAllahh bahkan solusinya tidak menjadi solusi😭,5,1777444017,Negatif,"Kritik, penolakan, keluhan, atau sarkasme terhadap isi pernyataan/solusi",0.82,Tidak
203,vincenave.wkw,Caesar,[Sticker] cowo yang lagi nonton:,5,1777437112,Negatif,"Kritik, penolakan, keluhan, atau sarkasme terhadap isi pernyataan/solusi",0.82,Tidak
204,gesa.denisa2,GESA,kita juga punya nyawa bu,5,1777435903,Negatif,"Kritik, penolakan, keluhan, atau sarkasme terhadap isi pernyataan/solusi",0.82,Tidak
205,si.anakketiga,anakketiga🦭,yaudah deh bu gerbong depan belkang di bubble wrab ajeee,5,1777432640,Negatif,"Kritik, penolakan, keluhan, atau sarkasme terhadap isi pernyataan/solusi",0.82,Tidak
206,adit_setyawan28,Followers murah ada di bio,[Sticker] kenapa dengan baju ijo,5,1777430184,Netral,Tidak ada opini jelas/komentar hanya sticker atau observasi,0.85,Tidak
207,fkkdskl,ddddwi,[Sticker] solusi mbaaa,5,1777429396,Netral,Tidak ada opini jelas/komentar hanya sticker atau observasi,0.85,Tidak
208,nishkala.sf,NISHKALA.SF,"ini menteri harus di kasih MBG supaya cerdas memberikan solusi , bukan tentang merubah penempatan gerbang tapi bagaimana merubah sistem kereta api supaya KRL dan Kereta api jarak jauh tidak bentrok ataupun membangun underpass di setiap perlintasan agar kejadian seperti ini tidak terjadi lagi.",5,1777422803,Negatif,"Kritik, penolakan, keluhan, atau sarkasme terhadap isi pernyataan/solusi",0.82,Tidak
209,hendra_0510,𝗢 ℙ 𝔼 𝕋,"SOLUSI?
YANG NAMANYA SOLUSI ITU DI CARI TAU PENYEBABNYA DAN DI EVALUASI SUPAYA TIDAK TERJADI KECELAKAAN LAGI BU... BUKAN PINDAH GERBONGNYA",5,1777417282,Negatif,"Kritik, penolakan, keluhan, atau sarkasme terhadap isi pernyataan/solusi",0.82,Tidak
210,akbar_project1398,A̳K̳B̳A̳R̳_̳p̳r̳o̳j̳e̳c̳t̳🇲🇨,[Sticker] Ngomong apa dia,5,1777416406,Negatif,"Kritik, penolakan, keluhan, atau sarkasme terhadap isi pernyataan/solusi",0.82,Tidak
211,andiyan.elwin,Andiyan Elwin,oke siappp bu,5,1777412994,Netral,Tidak ada opini jelas/komentar hanya sticker atau observasi,0.85,Tidak
212,reyyhanrajinmengaji,່,"omong seng penting ❌
seng penting ngomong ✅",5,1777412337,Negatif,"Kritik, penolakan, keluhan, atau sarkasme terhadap isi pernyataan/solusi",0.82,Tidak
213,ivan.setiavvan,Ivan 🤙🏻,Stresss,5,1777396884,Negatif,"Kritik, penolakan, keluhan, atau sarkasme terhadap isi pernyataan/solusi",0.82,Tidak
214,fyanseptiand,Potterhead ⚯ ͛,[Sticker] Kamu kaget ga ?,5,1777393496,Negatif,"Kritik, penolakan, keluhan, atau sarkasme terhadap isi pernyataan/solusi",0.82,Tidak
215,fliyx7777,fliyxbluu,"fungsi gerbong wanita di ujung itu kan biar aksesnya mudah dan lebih aman, bukan dipindah ke tengah yang malah jadi titik lalu lalang dan makin rawan karena aksesnya terbuka dan banyak yang lewat.",5,1777393492,Negatif,"Kritik, penolakan, keluhan, atau sarkasme terhadap isi pernyataan/solusi",0.82,Tidak
216,danzzz2k,Zidaneee.,ini siapa sih dong 'o bgtttt,5,1777391571,Negatif,"Kritik, penolakan, keluhan, atau sarkasme terhadap isi pernyataan/solusi",0.82,Tidak
217,aidillfkrri,aidil,statement yg ga jelas,5,1777391445,Negatif,"Kritik, penolakan, keluhan, atau sarkasme terhadap isi pernyataan/solusi",0.82,Tidak
218,adv.uzuan,Uzuan F Marpaung SE SH MH,"cerdas banget mentrinya, solusinya di luar nurul, cocok menjabat menteri yg visioner",5,1777390747,Negatif,"Kritik, penolakan, keluhan, atau sarkasme terhadap isi pernyataan/solusi",0.82,Tidak
219,zeethepoo7,Zeethepoo,[Sticker] Tekan love biar berhenti,4,1777388474,Netral,Komentar umum atau ambigu tanpa sentimen eksplisit,0.6,Ya
220,kangkasan77,Kang Kasan,bila takdir sudah tidak bisa dihindari tengah depan belakang gk akan ngaruh.jadikan pembelajaran supaya kita semua selalu iklas,5,1777387738,Negatif,"Kritik, penolakan, keluhan, atau sarkasme terhadap isi pernyataan/solusi",0.82,Tidak
221,kuukissss123,Loveyu,Mood banget baca komen ya allahh😭😭🙏🏻,5,1777387481,Netral,Tidak ada opini jelas/komentar hanya sticker atau observasi,0.85,Tidak
222,rickyjoepanjaitan,rickyjoepanjaitan,"Gak ada solusi, gak nyambung, yg penting ngomong, begini La pejabat zaman now.
harusnya di evaluasi sistem keamanan nya Bu.",5,1777385194,Negatif,"Kritik, penolakan, keluhan, atau sarkasme terhadap isi pernyataan/solusi",0.82,Tidak
223,metropolitan_depok,c@h SOLO ✅,bukan memberikan solusi tetapi memindahkan obyek... selama sinyal tidak baik kemungkinan terjadi kecelakaan masih ada. seharusnya Kereta transportasi paling aman,5,1777383511,Negatif,"Kritik, penolakan, keluhan, atau sarkasme terhadap isi pernyataan/solusi",0.82,Tidak
224,mangodank,FANBIL,"ibu mentri y pya ide ga bagus sekelas mentri,
harus y yg di benahi sistem perkertaapian y
sprti palang pintu sinyal dll itu d bagusin",5,1777381826,Negatif,"Kritik, penolakan, keluhan, atau sarkasme terhadap isi pernyataan/solusi",0.82,Tidak
225,iwankhan_99,Mr.wann🗿,"Sebenarnya sudah paling efektif gerbong wanita di depan/belakang, jika diletakan di tengah akan susah dan bingung karena PENANDANYA TIDAK ADA (tempat nunggu bagi penumpang wanitanya) dikarenakan jumlah rangkaian Kereta itu beda² ada yang 8-10-12 gerbong,untuk kasus kecelakaan kereta (KRL vs KA Argo bromo anggrek) bekasi timur, di sebabkan oleh perlintasan sebidang, jadi itu akar permasalahan nya",5,1777380376,Negatif,"Kritik, penolakan, keluhan, atau sarkasme terhadap isi pernyataan/solusi",0.82,Tidak
226,kangendy_517,Kangendy517,"Evaluasi mah, 1. Ganti Dirut PT KAI 2. Kadishub Darat 3. Masinis 2 kereta 4 kepala Stasiun Bekssi Timur",5,1777375655,Negatif,"Kritik, penolakan, keluhan, atau sarkasme terhadap isi pernyataan/solusi",0.82,Tidak
227,damdamstut,dhamssgroup,yang ditambahin itu ada setengah gerbong pengaman paling depan dan belakang tujuanya untuk menahan benturan yg ada didepan belakang meskipun bobot bertambah seenggaknya aman,5,1777366321,Negatif,"Kritik, penolakan, keluhan, atau sarkasme terhadap isi pernyataan/solusi",0.82,Tidak
228,drneo27,Dr.Neo27,"Usulan lulusan SD, mau gerbang belakang apa kek, klo sistemnya salah ya itu dulu di bnerin",5,1777365821,Negatif,"Kritik, penolakan, keluhan, atau sarkasme terhadap isi pernyataan/solusi",0.82,Tidak
229,fitria_sf01,Fitria 🥀,"ha gimana Bu? saya pemakai gerbong perempuan hampir tiap hari, bukan masalah posisinya, masalah sistem yang harus dibenerin
😅😅",5,1777360050,Negatif,"Kritik, penolakan, keluhan, atau sarkasme terhadap isi pernyataan/solusi",0.82,Tidak
230,har.tono362,MawaR,A e AE AE AE AE.......heeeehhh...!!... GK ada masalah diujung atau depan..sama Saja itu...,5,1777356453,Negatif,"Kritik, penolakan, keluhan, atau sarkasme terhadap isi pernyataan/solusi",0.82,Tidak
231,faridwaey,centaurus,tapi kami juga berhak hidup buu 🥲,6,1777425818,Negatif,"Kritik, penolakan, keluhan, atau sarkasme terhadap isi pernyataan/solusi",0.82,Tidak
232,izkyy.49,Mrzkyy,terus apa beda nya buk? yang belakang pindah ke tengah? yang dibetulin itu sistem nya kok bisaa ya sekelas menteri atau petinggi kai mikirnya kyk gini?,5,1777382781,Negatif,"Kritik, penolakan, keluhan, atau sarkasme terhadap isi pernyataan/solusi",0.82,Tidak
233,pphitaam1,𝙋𝙋 𝙃𝙄𝙏𝘼𝙈,[Sticker] sekelas menteri bisa muncul ide begitu,5,1777420882,Negatif,"Kritik, penolakan, keluhan, atau sarkasme terhadap isi pernyataan/solusi",0.82,Tidak
234,bintoerong,͏͏͏͏͏͏͏͏͏͏͏͏͏͏͏͏͏͏͏͏,"evaluasi sistem bu, bukan tukar posisi gerbong.",7,1777375813,Negatif,"Kritik, penolakan, keluhan, atau sarkasme terhadap isi pernyataan/solusi",0.82,Tidak
235,wulannn.dary,Wuls🌼,apa ga sebaik nya gerbong depan dan belakang di kosongkan aja? dan semua di isi tengah tengah aja gt bisa ga sih ky gt?supaya aman semua nya😌,4,1777366862,Negatif,"Kritik, penolakan, keluhan, atau sarkasme terhadap isi pernyataan/solusi",0.82,Tidak
236,muiyah1,muiyah,ini Mentri apa aku baru liat,3,1777361104,Negatif,"Kritik, penolakan, keluhan, atau sarkasme terhadap isi pernyataan/solusi",0.82,Tidak
237,junasiapaya,JunaSiapa?,[Sticker] gini aja bu,3,1778246960,Negatif,"Kritik, penolakan, keluhan, atau sarkasme terhadap isi pernyataan/solusi",0.82,Tidak
238,safira_8990,Ara Safira,iya bu setuju….,3,1777429878,Positif,"Dukungan, persetujuan, atau afirmasi literal",0.76,Tidak
239,aaastika__,aaaa_,girl support girl🫦💄💅,4,1777434994,Negatif,"Kritik, penolakan, keluhan, atau sarkasme terhadap isi pernyataan/solusi",0.82,Tidak
240,10kalajengking,ci. i. o.,eh taunya yg tengah kereta nya di tubruk pesawat,4,1777423753,Negatif,"Kritik, penolakan, keluhan, atau sarkasme terhadap isi pernyataan/solusi",0.82,Tidak
241,anggilenssa,ANGGI_lenssa,kocak lu bu,0,1778173251,Negatif,"Kritik, penolakan, keluhan, atau sarkasme terhadap isi pernyataan/solusi",0.82,Tidak
242,creativecinema512,Creative Cinema🐧🇵🇸,"apabila aku jadi menteri aku akan memberikan solusi yang lebih masuk akal dan tidak ada korban jiwa Seperti: dibelakang kereta ditambahkan gerbong kosong dan parasut lalu didepan kereta tempat masinis di berikan bantalan spon otomatis yang akan aktif apabila terjadi kecelakaan dimana depan kereta itu diberikan sensor jarak antara benda yang akan mengaktifkan sistem keamanan bantalan spon aktif, rem otomatis aktif, dan terbukanya parasut bagian belakang yang akan membantu sistem pengeriman sehingga rem tidak tidak bekerja sendiri dan panas saat kecepatan tinggi, itu sih saran aku 🙏",3,1777429123,Negatif,"Kritik, penolakan, keluhan, atau sarkasme terhadap isi pernyataan/solusi",0.82,Tidak
243,brzcvtn,Kingkhong,ganti apa gimana ini..,4,1777385766,Netral,Pertanyaan atau komentar belum menunjukkan polaritas jelas,0.65,Ya
244,ban11star,LOVE_YOURSELF,"kalau gua bilang mah
harus ad gerbong kosong didepan maupun dibelakang mengantisipasi
agar tidak jatuh korban",4,1777382661,Negatif,"Kritik, penolakan, keluhan, atau sarkasme terhadap isi pernyataan/solusi",0.82,Tidak
245,dennyhartakusuma,dennyhartakusuma,"Ada yang ingin kukatakan tapi aku malu, tolong wakil kan teman teman 😌",3,1777390380,Netral,Tidak ada opini jelas/komentar hanya sticker atau observasi,0.85,Tidak
246,otakkiri4444,Oksigen,[Sticker] sini aja bng lakik pindah ke bulan aja sama gw sini ngopi free wifi btw,4,1777452281,Negatif,"Kritik, penolakan, keluhan, atau sarkasme terhadap isi pernyataan/solusi",0.82,Tidak
247,famz_iii5,FamZ_iii,Mentri plenger,3,1777467403,Negatif,"Kritik, penolakan, keluhan, atau sarkasme terhadap isi pernyataan/solusi",0.82,Tidak
248,arunikaaa9,tempe benguk,"klo ada fitur vn gw mau vn ketawa, sialan🤣",4,1777438271,Negatif,"Kritik, penolakan, keluhan, atau sarkasme terhadap isi pernyataan/solusi",0.82,Tidak
249,ffayyy712,ffayyy,gerbongnya pindahin kedepan aja bu semua,4,1777427522,Negatif,"Kritik, penolakan, keluhan, atau sarkasme terhadap isi pernyataan/solusi",0.82,Tidak
250,mahathirzidane,Hilmi_Damanhuri,wahh ... gak mau naik kereta saya dah depan kena belakang kena,4,1777402992,Negatif,"Kritik, penolakan, keluhan, atau sarkasme terhadap isi pernyataan/solusi",0.82,Tidak
251,jikael6,jikael,ko bisa jadi mentri sih dia,3,1777421775,Negatif,"Kritik, penolakan, keluhan, atau sarkasme terhadap isi pernyataan/solusi",0.82,Tidak
252,roh_jahat_misterius,ROH_JAHAT_MISTERIUS,kami para kaum Lanang juga pengen panjang umur buk,4,1777393079,Negatif,"Kritik, penolakan, keluhan, atau sarkasme terhadap isi pernyataan/solusi",0.82,Tidak
253,2ndamygdala,2ndamygdala,daripada kek gitu mending tambah dan adain gerbong kosong buat safety kalo ada kejadian kek gini lg :),4,1777387063,Negatif,"Kritik, penolakan, keluhan, atau sarkasme terhadap isi pernyataan/solusi",0.82,Tidak
254,immaluckygirl,zahra,"Ngomong yg penting ❎
Yang penting ngomong ✅",3,1777394384,Negatif,"Kritik, penolakan, keluhan, atau sarkasme terhadap isi pernyataan/solusi",0.82,Tidak
255,ariseleana,elshanumshop07,"siapa yang setuju dengan usul saya ?2 gerbong paling belakang di tutup atau ditambah satu atau dua gerbong dibelakang ,, antisipasi jika terjadi peristiwa ini tidak memakan korban jiwa.",3,1777539825,Negatif,"Kritik, penolakan, keluhan, atau sarkasme terhadap isi pernyataan/solusi",0.82,Tidak
256,virgo_boy__,BabyyBlackk_,"meskipun kami sering kebentur masalah ekonomi,bukan berarti kami kuat kebentur besi bu",4,1777476592,Negatif,"Kritik, penolakan, keluhan, atau sarkasme terhadap isi pernyataan/solusi",0.82,Tidak
257,honorofkings_creation,Panzz,"meskipun kami tidak pernah merayakan ulang tahun, kami juga ingin umur panjang Bu, saran aja setiap gerbong di kasih bubble wrap🙏",4,1777463415,Negatif,"Kritik, penolakan, keluhan, atau sarkasme terhadap isi pernyataan/solusi",0.82,Tidak
258,bismistylee,𝐁𝐑𝐈'𝐙𝐙𝐳★,"[Sticker] meski kami jarang merayakan ulang tahun, kami juga ingin panjang umur.",4,1777459966,Negatif,"Kritik, penolakan, keluhan, atau sarkasme terhadap isi pernyataan/solusi",0.82,Tidak
259,iniakudimas_,ディマス,[Sticker] bukannya cari solusi malah ubah formasi,4,1777448281,Negatif,"Kritik, penolakan, keluhan, atau sarkasme terhadap isi pernyataan/solusi",0.82,Tidak
260,blikadek4_,ameame🛒,"Semuanya aja ditengah bu, belakang sama depan taro bubblewrap",3,1777473151,Negatif,"Kritik, penolakan, keluhan, atau sarkasme terhadap isi pernyataan/solusi",0.82,Tidak
261,inkyy_67,inkyy_67,sekelas menteri lho ini?,4,1777442564,Negatif,"Kritik, penolakan, keluhan, atau sarkasme terhadap isi pernyataan/solusi",0.82,Tidak
262,miniworldid,miniworld.id,meskipun ulang tahun tidak dirayakan tapi kami berhak hidup,4,1777439526,Negatif,"Kritik, penolakan, keluhan, atau sarkasme terhadap isi pernyataan/solusi",0.82,Tidak
263,all_anam,annn,meskipun ulang tahun tidak dirayakan tapi kami berhak hidup...,4,1777438053,Negatif,"Kritik, penolakan, keluhan, atau sarkasme terhadap isi pernyataan/solusi",0.82,Tidak
264,singgiariyono48,Operator Kapal_48,"Mohon ijin ibu yg lebih baik harusnya gerbong depan dan belakang di kosongin jadi mencegah kemungkinan korban jika terjadi kecelakaan serupa & memperbaiki lagi sistem keselamatan khusus untuk Komunikasi antar Stasion - Kerata A - Kereta B - Kereta C,Pos Palang pintu tiap titik,dll. Semoga ada Solusi untuk Selanjutnya.🙏🏻",4,1777432451,Negatif,"Kritik, penolakan, keluhan, atau sarkasme terhadap isi pernyataan/solusi",0.82,Tidak
265,michat18april2018,PT Michat           🦟,Makasih bu saya lagi CO gamis ss,4,1777426131,Netral,Tidak ada opini jelas/komentar hanya sticker atau observasi,0.85,Tidak
266,z.k_zum,-45%,walaupun kami jarang merayakan ulang tahun tapi kami juga pengen panjang umur buu🙏,4,1777425373,Negatif,"Kritik, penolakan, keluhan, atau sarkasme terhadap isi pernyataan/solusi",0.82,Tidak
267,galihh4ja,galih,[Sticker] walaupun kami jarang merayakan ulang tahun tapi kami juga pengen panjang umur buu,3,1777454588,Negatif,"Kritik, penolakan, keluhan, atau sarkasme terhadap isi pernyataan/solusi",0.82,Tidak
268,mvpkiwszz,ikiwwwww,"semuanya aja ditengah bu, belakang sama depan taro bubblewrap",3,1777454297,Negatif,"Kritik, penolakan, keluhan, atau sarkasme terhadap isi pernyataan/solusi",0.82,Tidak
269,garudapic,King MU,[Sticker] man feeling now:,4,1777420207,Netral,Tidak ada opini jelas/komentar hanya sticker atau observasi,0.85,Tidak
270,youu_and_mee11,Yohohohohoo,[Sticker] sekelas menteri solusinya begini😳,3,1777442634,Negatif,"Kritik, penolakan, keluhan, atau sarkasme terhadap isi pernyataan/solusi",0.82,Tidak
271,__matchaa02,.,yg belakang diisi buble wrap,3,1777437783,Negatif,"Kritik, penolakan, keluhan, atau sarkasme terhadap isi pernyataan/solusi",0.82,Tidak
272,ka3ther,Aether,kami jg manusia bu bukan super hero🗿,4,1777407730,Negatif,"Kritik, penolakan, keluhan, atau sarkasme terhadap isi pernyataan/solusi",0.82,Tidak
273,trxzvyn,76_💤,"gausah bu, saya ke cangar aja",3,1777437113,Netral,Tidak ada opini jelas/komentar hanya sticker atau observasi,0.85,Tidak
274,zuf6732,zuF,di tanya solusi malah numbalin,4,1777401620,Negatif,"Kritik, penolakan, keluhan, atau sarkasme terhadap isi pernyataan/solusi",0.82,Tidak
275,ridwan.muhammad_23,Muhammad.Ridwan_23,komen terbuka di persilahkan,3,1777423806,Netral,Tidak ada opini jelas/komentar hanya sticker atau observasi,0.85,Tidak
276,20ano_,Ano,yaudah deh gw cek out wig dulu,3,1777420380,Netral,Tidak ada opini jelas/komentar hanya sticker atau observasi,0.85,Tidak
277,ragil_80,ragil_80,"Harusnya yg di perbaiki sistemnya bukan penempatan tempat duduk penumpang,kayaknya ibunya masih ngantuk",3,1777417472,Negatif,"Kritik, penolakan, keluhan, atau sarkasme terhadap isi pernyataan/solusi",0.82,Tidak
278,dikss_gaviuwuw,ann,[Sticker] Mending gw aja dah yang evaluasi,4,1777382813,Negatif,"Kritik, penolakan, keluhan, atau sarkasme terhadap isi pernyataan/solusi",0.82,Tidak
279,verapus14,Verapus14,"itu bukan solusi tapi nambah masalah. diperbaiki sistemnya dengan yg lebih mutakhir. bisa memperkirakan dr jarak jauh ada gangguan di depan ga, kalaupun g ada sistem tersebut bisa memakai mitigasi risiko lainnya yaitu kasih tanda apa gtu yg bs terlihat. Minimal jgn sampai ada korban lagi. Sistem paling utama, kedua saling menghargai sesama pengguna jalan raya. 🙏",4,1777379974,Negatif,"Kritik, penolakan, keluhan, atau sarkasme terhadap isi pernyataan/solusi",0.82,Tidak
280,andwgarfiesugar,sayaisayaI,"bahasanya tidak baku, jawabannya tidak solutif",4,1777378155,Negatif,"Kritik, penolakan, keluhan, atau sarkasme terhadap isi pernyataan/solusi",0.82,Tidak
281,birnadian,Aal,"atau gini aja biar meminimalisir kejadian itu ada 2 cara :
1 gerbong belakang kereta jangan di gunakan untuk gerbong penumpang jadikan gerbong barang, seperti kargo, koper/tas, sepeda supaya saat ada kejadian seperti itu lagi tidak ada korban jiwa, dan hanya mengganti rugi berang yang rusak, dan atau untuk cafe pintar pakai mesin nanti pas amit"" ada kejadian itu lagi ga makan korban hanya merusak mesin saja
2 buat jalur lagi, cara kerjanya di sebuah perlintasan itu di kasih sensor guncangan sepanjang perlintasan tersebut dan bila ada kereta yang berhenti itu ada wesel yang pindah jalur kereta secara otomatis dan kalau sistem itu error nanti di kasih lampu di atas rel seperti lampu Hazard, nanti biar masinis bisa lihat bahwa ada kereta berhenti di situ, rel di perlintasan itu di ganti pakai sensor guncangan kalau guncangan nya berhenti nanti wesel pindah jalur dan lampu Hazard di dekat wesel hidup ( jika tidak bergerak), wesel dan lampu berjarak 30 meter dan dengan rel sensor guncangan jarak 100meter lalu bila ada kereta lewat dan ada mobil mogok kereta rem mendadak dan belakang ada kereta kereta akan berpindah jalur bila tidak berfungsi akan ada lampu peringatan kurangi kecepatan lalu saat sampai di dekat kereta tidak menyentuh kereta yang berhenti di depan🙏",3,1777400996,Negatif,"Kritik, penolakan, keluhan, atau sarkasme terhadap isi pernyataan/solusi",0.82,Tidak
282,jstrend__,Ren s kennedy,lcd nya kena itu,4,1777444263,Netral,Tidak ada opini jelas/komentar hanya sticker atau observasi,0.85,Tidak
283,citasetiawan,i putu gede cita setiawan,ok Bu aman ita dah beli ini,4,1777437484,Netral,Komentar umum atau ambigu tanpa sentimen eksplisit,0.6,Ya
284,ariodimas__,ariodimas__,"simpan saja ide baik mu itu,mentri loh",3,1777385852,Negatif,"Kritik, penolakan, keluhan, atau sarkasme terhadap isi pernyataan/solusi",0.82,Tidak
285,alvarofatih15,Alvaro,[Sticker] mending ini ae,2,1778421881,Negatif,"Kritik, penolakan, keluhan, atau sarkasme terhadap isi pernyataan/solusi",0.82,Tidak
286,mikha_lucu8,AHKIM,[Sticker] 😭gue juga shock dengarnya,2,1778336060,Negatif,"Kritik, penolakan, keluhan, atau sarkasme terhadap isi pernyataan/solusi",0.82,Tidak
287,qwhaff09,adizzx¤××¤,[Sticker] [Stiker],1,1778378773,Netral,Komentar terlalu singkat/ambigu untuk polaritas kuat,0.7,Ya
288,_marlongthebest,ikyyyyyyy,"ngomong yang penting❌
yang penting ngomong ✅
🗿",2,1778219138,Negatif,"Kritik, penolakan, keluhan, atau sarkasme terhadap isi pernyataan/solusi",0.82,Tidak
289,only_mlka,miikaaa,buset di kira Spiderman apa kita juga mau hidup Bu 🥲,3,1778046433,Negatif,"Kritik, penolakan, keluhan, atau sarkasme terhadap isi pernyataan/solusi",0.82,Tidak
290,glxxyy_10,ቻ,[Sticker] mending gini aja bu,4,1777684726,Negatif,"Kritik, penolakan, keluhan, atau sarkasme terhadap isi pernyataan/solusi",0.82,Tidak
291,fian_neee,fian✌🏻,[Sticker] ini aja paling depan,4,1777683862,Negatif,"Kritik, penolakan, keluhan, atau sarkasme terhadap isi pernyataan/solusi",0.82,Tidak
292,yayan67672,yayan6767,"Gini doang tawarn solusi dari pejabat?? Mahal banget, Over price…",4,1777561328,Negatif,"Kritik, penolakan, keluhan, atau sarkasme terhadap isi pernyataan/solusi",0.82,Tidak
293,sau_storee56,2️⃣0️⃣1️⃣3️⃣😌🙏,[Sticker] suami Bu Mentri,4,1777555135,Negatif,"Kritik, penolakan, keluhan, atau sarkasme terhadap isi pernyataan/solusi",0.82,Tidak
294,iyunrentcarmakssr,Iyun rent car,buk meskipun kami sering terbentur masalah ekonomi bukan berati kami kuat menahan benturan besi.,4,1777545760,Negatif,"Kritik, penolakan, keluhan, atau sarkasme terhadap isi pernyataan/solusi",0.82,Tidak
295,ega.keteng,Ega Keteng,ibu di paling depan krl pas.,1,1778026717,Negatif,"Kritik, penolakan, keluhan, atau sarkasme terhadap isi pernyataan/solusi",0.82,Tidak
296,sanusi.pratama,Reyhan Haseo_15,"kita emang paling suka di jepit,tapi bukan dijepit kereta juga bu😭",4,1777534270,Negatif,"Kritik, penolakan, keluhan, atau sarkasme terhadap isi pernyataan/solusi",0.82,Tidak
297,bilal.arrasyad,LumintuJayaToko,"dulu jadi menterinya Jalur apa yaaaa.....
maaaf bertanya sambil Emosi",4,1777532614,Negatif,"Kritik, penolakan, keluhan, atau sarkasme terhadap isi pernyataan/solusi",0.82,Tidak
298,bonkqy,Barbeskai,"Sekelas Menteri loh... seperti ga percaya Takdir... mau di depan, di belakang, di tengah.. kalau sudah rencana Allah itu pasti",4,1777526662,Negatif,"Kritik, penolakan, keluhan, atau sarkasme terhadap isi pernyataan/solusi",0.82,Tidak
299,ardha.youarethebrand,ardha | You Are The Brand,Aku malu dengarnya 😩,4,1777525580,Negatif,"Kritik, penolakan, keluhan, atau sarkasme terhadap isi pernyataan/solusi",0.82,Tidak
300,maxxmilliano_rydrig,RodrigoBRR🇹🇭,gimana kalo gerbong depan belakang khusus menteri,4,1777516488,Negatif,"Kritik, penolakan, keluhan, atau sarkasme terhadap isi pernyataan/solusi",0.82,Tidak
301,fikri.yusuf15,Fixxy,walaupun kami jarang merayakan ulang tahun tapi kami juga pengen panjang umur buu🗿,4,1777475871,Negatif,"Kritik, penolakan, keluhan, atau sarkasme terhadap isi pernyataan/solusi",0.82,Tidak
302,zamzxz32,zam stecu abis😈,bukan nya kasih solusi malah ganti formasi.,4,1777474244,Negatif,"Kritik, penolakan, keluhan, atau sarkasme terhadap isi pernyataan/solusi",0.82,Tidak
303,zarr3592,Zarr🚀,gimana kalo rel keretanya di ubah ke rumah ibu aja gimana,4,1777470107,Negatif,"Kritik, penolakan, keluhan, atau sarkasme terhadap isi pernyataan/solusi",0.82,Tidak
304,bang_yossh,bang_yossh,[Sticker] ibu yg terhormat meskipun kami sering terbentur masalah ekonomi bukan berati kami kuat menahan benturan besi.,4,1777467069,Negatif,"Kritik, penolakan, keluhan, atau sarkasme terhadap isi pernyataan/solusi",0.82,Tidak
305,rijakeknya,😽,[Sticker] laki juga berhak hidup bu,4,1777466696,Negatif,"Kritik, penolakan, keluhan, atau sarkasme terhadap isi pernyataan/solusi",0.82,Tidak
306,kyyp__,KyY🔹,[Sticker] mksd ibu ini ya allh😭,4,1777466483,Negatif,Humor/sarkasme yang cenderung mengkritik isi pernyataan,0.68,Ya
307,fursiaok,Anomali_spedometer⚡,"ini usul dari saya ya buk, gimana kalo rute kereta di ubah aja kearah rumah ibu",4,1777463895,Negatif,"Kritik, penolakan, keluhan, atau sarkasme terhadap isi pernyataan/solusi",0.82,Tidak
308,berusaha.ikhlas,berusaha ikhlas,"gpp Bu kami di taruh dibelakang... Kami ikhlas
di rumah kami jadi tulang punggung
kelurga
bahkan saat naek KRL kami pun jadi tulang punggung kereta",4,1777463326,Negatif,"Kritik, penolakan, keluhan, atau sarkasme terhadap isi pernyataan/solusi",0.82,Tidak
309,aziioo05,أزيو,se gak berharga kah itu kami😞😔,4,1777456083,Negatif,"Kritik, penolakan, keluhan, atau sarkasme terhadap isi pernyataan/solusi",0.82,Tidak
310,zxzxz468,enz!,bukan memikirkan solusi tapi malah mengganti formasi.,4,1777455994,Negatif,"Kritik, penolakan, keluhan, atau sarkasme terhadap isi pernyataan/solusi",0.82,Tidak
311,gxvzxd,~アブドゥルズ~,"kami laki² jarang ngerayain ulang tahun, tapi tolong lah kami juga ingin selalu panjang unur",4,1777453203,Negatif,"Kritik, penolakan, keluhan, atau sarkasme terhadap isi pernyataan/solusi",0.82,Tidak
312,bunnnngggg,bung,"[Sticker] di suruh cari solusi
malah ganti formasi",4,1777452410,Negatif,"Kritik, penolakan, keluhan, atau sarkasme terhadap isi pernyataan/solusi",0.82,Tidak
313,zam.tiktok,Itzzmeツ,[Sticker] siap laksanakan bu,4,1777451298,Netral,Tidak ada opini jelas/komentar hanya sticker atau observasi,0.85,Tidak
314,96ehott,Terserah.😪,Ga Kuaadddd baca komennyaaaa🤣🤣🤣🤣😭😭🥲🫂,4,1777450984,Netral,Tidak ada opini jelas/komentar hanya sticker atau observasi,0.85,Tidak
315,saylendra.5791,SYAILENDRA,harusnya gerbong depan iru untuk para pejabat... untuk melindungi rakyatnya..🥺🥺😭😭😭,4,1777450110,Negatif,"Kritik, penolakan, keluhan, atau sarkasme terhadap isi pernyataan/solusi",0.82,Tidak
316,mr.four007,Mr.Four💲,[Sticker] kami setuju klo gerbong paling belakang dan paling depan khusus menteri dan pejabat.,4,1777446190,Negatif,"Kritik, penolakan, keluhan, atau sarkasme terhadap isi pernyataan/solusi",0.82,Tidak
317,cint4_terlarang,cint4_terlarang,ditanya solusi malah numbalin😳,4,1777445058,Negatif,"Kritik, penolakan, keluhan, atau sarkasme terhadap isi pernyataan/solusi",0.82,Tidak
318,karinnn_crtt,Karinxxx💦,"Mantap nihh formasi beliau, cocok untuk jdi coach RRQ 👍",4,1777439157,Negatif,"Kritik, penolakan, keluhan, atau sarkasme terhadap isi pernyataan/solusi",0.82,Tidak
319,ikhsan5727,Ikhsan,"meski kami jarang merayakan ulang tahun,kami juga ingin panjang umur",4,1777438579,Negatif,"Kritik, penolakan, keluhan, atau sarkasme terhadap isi pernyataan/solusi",0.82,Tidak
320,zenn_djk,Zenndjk,"ngomong yang penting ❌
yang penting ngomong ✅",4,1777435613,Negatif,"Kritik, penolakan, keluhan, atau sarkasme terhadap isi pernyataan/solusi",0.82,Tidak
321,gamigh1234,liuoy||Sky💦,[Sticker] bikin tambah sakit kepala😭,4,1777434806,Negatif,Humor/sarkasme yang cenderung mengkritik isi pernyataan,0.68,Ya
322,tertolongdoaibu,Beruang Grizzly,yg beliau maksud,4,1777434450,Netral,Komentar umum atau ambigu tanpa sentimen eksplisit,0.6,Ya
323,deanalghifari,rata kanan,Gerbong paling depan dan belakang khusus bowtie titik!!!,4,1777432835,Negatif,"Kritik, penolakan, keluhan, atau sarkasme terhadap isi pernyataan/solusi",0.82,Tidak
324,pipito0980,PIPITO,Bukan solusi yang tepat bu....coba evalusi sistem keselamatan KAI baik dari sinyal kereta dan pembuatan palang pintu juga di tempatkan penjaga dipintu palang tersebut...,4,1777432232,Negatif,"Kritik, penolakan, keluhan, atau sarkasme terhadap isi pernyataan/solusi",0.82,Tidak
325,kere.hore.hehe,KereHore,"harusnya --> ""akan kami buat system deteksi berbasis gps yang memberikan signal pada masinis dan petugas terkait, dan system ini terintegrasi dengan pengereman otomatis, sehingga tabrakan antar kereta api kedepannya adalah 0 kejadian"". mungkin jawaban ini sedikit lebih berbobot",2,1777971151,Negatif,"Kritik, penolakan, keluhan, atau sarkasme terhadap isi pernyataan/solusi",0.82,Tidak
326,byters,byter,"Bagus banget kualitas menteri kita, idenya sangat brilian",4,1777430611,Negatif,"Kritik, penolakan, keluhan, atau sarkasme terhadap isi pernyataan/solusi",0.82,Tidak
327,rsndy__,kopiarenn,Sepakat.,4,1777430449,Positif,"Dukungan, persetujuan, atau afirmasi literal",0.76,Tidak
328,wgjjjxz,wgjjjxz,"@Mas An.:walaupun kita jarang merayakan ulang tahun, tapi kita juga pengen panjang umur 🙏",4,1777428447,Negatif,"Kritik, penolakan, keluhan, atau sarkasme terhadap isi pernyataan/solusi",0.82,Tidak
329,dozza_111,Dozza,yang penting bicara 🗿,4,1777427464,Negatif,Humor/sarkasme yang cenderung mengkritik isi pernyataan,0.68,Ya
330,hendrikololowang,R,"perbaiki sistem nya bu ,😭",4,1777424441,Negatif,"Kritik, penolakan, keluhan, atau sarkasme terhadap isi pernyataan/solusi",0.82,Tidak
331,chomenkpanglimaba,Amenk1212,cari solusi bukan cari pengganti 😭,4,1777424148,Negatif,Humor/sarkasme yang cenderung mengkritik isi pernyataan,0.68,Ya
332,ryuuu4umee_,Yuúmaà🎸🧊,"pemikirannya aduhh, sangat disayangkan padahal mentri",4,1777423839,Negatif,"Kritik, penolakan, keluhan, atau sarkasme terhadap isi pernyataan/solusi",0.82,Tidak
333,essedouble44,ESSEDOUBLE,gantiii menterii pppa,4,1777423123,Negatif,"Kritik, penolakan, keluhan, atau sarkasme terhadap isi pernyataan/solusi",0.82,Tidak
334,kur1r1n_14,SinaR,usulannya sama seperti temen anak saya yang masih sekolah dasar,4,1777420402,Negatif,"Kritik, penolakan, keluhan, atau sarkasme terhadap isi pernyataan/solusi",0.82,Tidak
335,v4nboy17,setiaone ..̯ ᵕ̈,CERDAS,4,1777419474,Negatif,"Kritik, penolakan, keluhan, atau sarkasme terhadap isi pernyataan/solusi",0.82,Tidak
336,jzennn0,dkaa,@HFtemptlate: Disuruh cari solusi malah ganti formasi,4,1777419162,Negatif,"Kritik, penolakan, keluhan, atau sarkasme terhadap isi pernyataan/solusi",0.82,Tidak
337,fndbuy,Fendy Sim,Kualitas menteri di indonesia,4,1777418670,Negatif,"Kritik, penolakan, keluhan, atau sarkasme terhadap isi pernyataan/solusi",0.82,Tidak
338,hasyhirama,HasyhiRama,paling cocok itu usulanya pak jonan dulu yg mengatakan seharusnya gerbong belakang itu dikosongkan,4,1777417045,Negatif,"Kritik, penolakan, keluhan, atau sarkasme terhadap isi pernyataan/solusi",0.82,Tidak
339,tianadhira,Tianadhira,Bukan solusi Ya Allah Ibu 😭 Malu banget dengernya. Yg harus diperbaiki itu sistem sinyalnya,4,1777416253,Negatif,"Kritik, penolakan, keluhan, atau sarkasme terhadap isi pernyataan/solusi",0.82,Tidak
340,riki_maulana_28,Riki,waduh pola pikirnya gimana😳,4,1777414606,Negatif,"Kritik, penolakan, keluhan, atau sarkasme terhadap isi pernyataan/solusi",0.82,Tidak
341,iyadahpuh,noze,"usulan ditolak,
alasan : terlalu plenger",4,1777405319,Negatif,"Kritik, penolakan, keluhan, atau sarkasme terhadap isi pernyataan/solusi",0.82,Tidak
342,itssyawaa,Syawaa | Eczema-TSW,"Aku perempuan, shock gelisaah bgd dengarnyaa",4,1777398420,Negatif,"Kritik, penolakan, keluhan, atau sarkasme terhadap isi pernyataan/solusi",0.82,Tidak
343,dhntyz,Dann,[Sticker] sepakat,4,1777395065,Positif,"Dukungan, persetujuan, atau afirmasi literal",0.76,Tidak
344,luvsty2y,luvsty2y,[Sticker] sangat tidak fantas,4,1777393730,Negatif,"Kritik, penolakan, keluhan, atau sarkasme terhadap isi pernyataan/solusi",0.82,Tidak
345,___selinnn,selin,[Sticker] pliss ketawa bgtt,4,1777392750,Negatif,"Kritik, penolakan, keluhan, atau sarkasme terhadap isi pernyataan/solusi",0.82,Tidak
346,winforr1,za u oky?,[Sticker] bu? aelah gini amat,4,1777391984,Negatif,"Kritik, penolakan, keluhan, atau sarkasme terhadap isi pernyataan/solusi",0.82,Tidak
347,marilaxz,KICAUMARIA👁👅👁,ngKak banged anj anj sumpah humor ini dr td sampe tengah malam gw ketawa terus,4,1777391624,Negatif,"Kritik, penolakan, keluhan, atau sarkasme terhadap isi pernyataan/solusi",0.82,Tidak
348,mhdraflii23,MhmdRafli,Bentar yaa bu saya ngakak dulu🤣🤣,4,1777390008,Negatif,"Kritik, penolakan, keluhan, atau sarkasme terhadap isi pernyataan/solusi",0.82,Tidak
349,astrorexdigital,Astrorex🥏,"Depan anggota dewan, belakang Pejabat sekelas Mentri, ini lebih bagus sih usulan saya",4,1777386574,Negatif,"Kritik, penolakan, keluhan, atau sarkasme terhadap isi pernyataan/solusi",0.82,Tidak
350,yulianto1313,yulianto,"yang diusul ituuu. pengaman di kereta di perketat dan di per aman (tambah guard kek depan balakang jdi klo kena benduran ga tsmbus ke gerbong), pengaman sistem IT, palang pintu penyebrangan relnya diperketat (jangan2 disitu ga ada palang pintunya lagih)",4,1777386467,Negatif,"Kritik, penolakan, keluhan, atau sarkasme terhadap isi pernyataan/solusi",0.82,Tidak
351,thonyanthony02,T H O N Y,pengen ketawa tapi takut dosa 😁,4,1777384570,Negatif,"Kritik, penolakan, keluhan, atau sarkasme terhadap isi pernyataan/solusi",0.82,Tidak
352,pentolcilokk,Pentol,harusnya sistem keamanan keretanya yang di evaluasi 😭😭😭,4,1777381870,Negatif,"Kritik, penolakan, keluhan, atau sarkasme terhadap isi pernyataan/solusi",0.82,Tidak
353,jdhsgsjsbdgdgs,🥀,pemikiran opo iki,4,1777380737,Negatif,"Kritik, penolakan, keluhan, atau sarkasme terhadap isi pernyataan/solusi",0.82,Tidak
354,daniellniell6,uDeL Bodong,Mundur lebih Bijak daripada klarifikasi,2,1777944634,Negatif,"Kritik, penolakan, keluhan, atau sarkasme terhadap isi pernyataan/solusi",0.82,Tidak
355,kambingulingg,aya,"cuma ganti masalah aja, ga menyelesaikan masalah karena ga ada intensi buat membenahi sistem koordinasinya",4,1777376692,Negatif,"Kritik, penolakan, keluhan, atau sarkasme terhadap isi pernyataan/solusi",0.82,Tidak
356,vladimiraceng0,Vladimir Aceng,"khusus buat menteri, gerbongnya di depan masinis please",4,1777375337,Negatif,"Kritik, penolakan, keluhan, atau sarkasme terhadap isi pernyataan/solusi",0.82,Tidak
357,octavian.fajar,Octavian Fajar,udah aja biar aman gerbong ujung isi water barrier aja,4,1777374976,Negatif,"Kritik, penolakan, keluhan, atau sarkasme terhadap isi pernyataan/solusi",0.82,Tidak
358,jomblohallal,𝟔𝟔𝟔,"“kami turut berduka atas apa yg terjadi, ini perlu dikaji dan dievaluasi secara menyeluruh dan investigasi yg mendalam, sekarang kami berfokus pada penanggulangan korban terlebih dahulu, langkah kedepannya kami lebih tertuju pada perbaikan sistem yg lebih intens agar kejadian serupa tidak terulang kembali. namun begitu sistem pengelompokan dan posisi gerbong akan kami pertimbangkan dan menjadi catatan di dalam proses ini”",4,1777374781,Negatif,"Kritik, penolakan, keluhan, atau sarkasme terhadap isi pernyataan/solusi",0.82,Tidak
359,rangga26516,Rangga,"Y Allah, sekelas mentri, syang bgt pajak gw 🥲😢",4,1777371472,Negatif,"Kritik, penolakan, keluhan, atau sarkasme terhadap isi pernyataan/solusi",0.82,Tidak
360,orgguanteng,No Body Perfect,ya sebenarnya ga masalah mau ditaro didepan atau di belakang ...itu sdh benar gerbang cewe di depan atau belakang... bukan itu yang harus dibenahi....yang perlu dibenahi adalah jalan di bekasi yang dilewati kendaraan tidak perlu melewati rel kereta perlu dibuat jalur khusus kendaraan baik itu fly over atau under pass dan perangkat kereta api perlu di adakan perawatan rutin,4,1777368451,Negatif,"Kritik, penolakan, keluhan, atau sarkasme terhadap isi pernyataan/solusi",0.82,Tidak
361,makani563,Makani,Yang seharusnya di evaluasi bukan penempatannl gerbongnya. Tapi sistem keamanannya. Mentri kok gini.,4,1777367104,Negatif,"Kritik, penolakan, keluhan, atau sarkasme terhadap isi pernyataan/solusi",0.82,Tidak
362,setiabudi903,cah wolezzz,GK ngaruh blas,4,1777366911,Negatif,"Kritik, penolakan, keluhan, atau sarkasme terhadap isi pernyataan/solusi",0.82,Tidak
363,wandarizq,Wandaa,"Kami ini emang immortal bu, izin",4,1777365021,Negatif,"Kritik, penolakan, keluhan, atau sarkasme terhadap isi pernyataan/solusi",0.82,Tidak
364,m.gibran1705,M.Gibran0517,Intinya sama saja mau ditengah atu di ujung juga tetep resiko ada saja,4,1777362510,Negatif,"Kritik, penolakan, keluhan, atau sarkasme terhadap isi pernyataan/solusi",0.82,Tidak
365,desidesanti,Desi Desanti,"Bu, plis banget ini mah jangan asbun 🙏🏻",4,1777359801,Negatif,"Kritik, penolakan, keluhan, atau sarkasme terhadap isi pernyataan/solusi",0.82,Tidak
366,sangeptuaji,sangeptuija,"logika macam apa posisi gerbang ikut di evaluasi😭
what a statement",4,1777358122,Negatif,"Kritik, penolakan, keluhan, atau sarkasme terhadap isi pernyataan/solusi",0.82,Tidak
367,rztemplate_cc123,RZ•Template,"Ngomong ❎
yg penting ngomong ✅",3,1777613878,Negatif,"Kritik, penolakan, keluhan, atau sarkasme terhadap isi pernyataan/solusi",0.82,Tidak
368,rennjelk12,￴ ￴ ￴ ￴￴  ￴ ￴ ￴ ￴ ￴ ￴ ￴ ￴,[Sticker] sepakat😹,3,1777609467,Positif,"Dukungan, persetujuan, atau afirmasi literal",0.76,Tidak
369,ucansee___,ucansee___,Gue sepanjang nntn ketawa abis 😭,3,1777602257,Negatif,"Kritik, penolakan, keluhan, atau sarkasme terhadap isi pernyataan/solusi",0.82,Tidak
370,bluee9632,bluee963,"bukanya cari solusi, malah ganti formasi",3,1777534788,Negatif,"Kritik, penolakan, keluhan, atau sarkasme terhadap isi pernyataan/solusi",0.82,Tidak
371,izul_me,izul,yg cerdas itu wartawannya. pertanyaan nya menjebak.,3,1777529276,Negatif,"Kritik, penolakan, keluhan, atau sarkasme terhadap isi pernyataan/solusi",0.82,Tidak
372,kararepoo4,Silent🀄,[Sticker] keadaan satasiun hari ini 🗿,3,1777520915,Negatif,Humor/sarkasme yang cenderung mengkritik isi pernyataan,0.68,Ya
373,dewande_againz,DewanDe'againz,di tanya solusi malah ganti formasi. 😭,3,1777516648,Negatif,"Kritik, penolakan, keluhan, atau sarkasme terhadap isi pernyataan/solusi",0.82,Tidak
374,stecu12348,ularrrr🐍,bukannya nyari solusi malah ganti pormasi🗿,3,1777508989,Negatif,"Kritik, penolakan, keluhan, atau sarkasme terhadap isi pernyataan/solusi",0.82,Tidak
375,a.q.u.a.r.i.u.s_83,🅰🆀🆄🅰🆁🅸🆄🆂♒ ☑️,"meskipun kami (laki²) tidak merayakan ulang tahun,kami (laki²) juga kepingin panjang umur bu🙏",3,1777508366,Negatif,"Kritik, penolakan, keluhan, atau sarkasme terhadap isi pernyataan/solusi",0.82,Tidak
376,fahrulrazi251,Fahrul,"yang di evaluasi cuma tempat duduk, tidak memberikan solusi ,cari akar masalahnya ...",3,1777503194,Negatif,"Kritik, penolakan, keluhan, atau sarkasme terhadap isi pernyataan/solusi",0.82,Tidak
377,jocklaytoga,JocklayTogaT,"Cari solusi supaya tdk terjadi, yaitu Masinis harus di evaluasi kinerjanya. begitu juga para anggota di lapangan Stasiun agar selalu peka terhadap Sinyal atau PERINGATAN. Itu yg harus di benahi",3,1777483544,Negatif,"Kritik, penolakan, keluhan, atau sarkasme terhadap isi pernyataan/solusi",0.82,Tidak
378,kikialfarisi46,Muhammad Kiki458,"saya usul boleh bu.. buat anggota DPR, menteri kalo bisa jangan dikasih mobil operasional, kalo bisa di berikan fasilitas naik krl. khusus gerbong belakang dan depan.. gimana?",3,1777480017,Negatif,"Kritik, penolakan, keluhan, atau sarkasme terhadap isi pernyataan/solusi",0.82,Tidak
379,dodo_purba,Dodo,BICARA YANG PENTING ❌ YANG PENTING BICARA ✅,3,1777479259,Negatif,"Kritik, penolakan, keluhan, atau sarkasme terhadap isi pernyataan/solusi",0.82,Tidak
380,moonsyahi,nesyaa,statementnya bener bener ngasal bgtt buuu 😭,3,1777477448,Negatif,"Kritik, penolakan, keluhan, atau sarkasme terhadap isi pernyataan/solusi",0.82,Tidak
381,archane212,Maybeee,[Sticker] keadaan stasiun besok,3,1777475068,Netral,Tidak ada opini jelas/komentar hanya sticker atau observasi,0.85,Tidak
382,sarcio2,Kavaratzs,"bu,kita bukan Spiderman bu",3,1777469833,Negatif,"Kritik, penolakan, keluhan, atau sarkasme terhadap isi pernyataan/solusi",0.82,Tidak
383,justforzpt,JustfoRzpt,[Sticker] gpp ayo brgkt,3,1777469088,Netral,Tidak ada opini jelas/komentar hanya sticker atau observasi,0.85,Tidak
384,nonibelanda71,noni belanda,ya udah gerbong depan sama gerbong belakang khusus keluarga ibu aja biar adi🥰,3,1777468804,Negatif,"Kritik, penolakan, keluhan, atau sarkasme terhadap isi pernyataan/solusi",0.82,Tidak
385,puci.o,uti,Sialan ngakak bgt komen2ny😂😭,3,1777465263,Negatif,"Kritik, penolakan, keluhan, atau sarkasme terhadap isi pernyataan/solusi",0.82,Tidak
386,daffaelahh,ドウィライシャ,"gapapa Bu kami di taruh dibelakang... Kami ikhlas
di rumah kami jadi tulang punggung
kelurga
bahkan saat naek KRL kami pun jadi tulang punggung kereta",3,1777463426,Negatif,"Kritik, penolakan, keluhan, atau sarkasme terhadap isi pernyataan/solusi",0.82,Tidak
387,rainbow.and.rubby,Pipit Nofiyani,bukannya cari solusi malah ganti pengganti😭😭,3,1777463252,Negatif,"Kritik, penolakan, keluhan, atau sarkasme terhadap isi pernyataan/solusi",0.82,Tidak
388,leolovers12,mochi208,oot nya tuh nge oot banget,3,1777461289,Negatif,"Kritik, penolakan, keluhan, atau sarkasme terhadap isi pernyataan/solusi",0.82,Tidak
389,mrlinatan,marlinaaaa99,demi apa semnjak berita ini muncul smpe skrg masih ngakkak,3,1777459293,Negatif,"Kritik, penolakan, keluhan, atau sarkasme terhadap isi pernyataan/solusi",0.82,Tidak
390,b_aja714,JAVI,"Setiap manusia memiliki hak hidup yang sama tanpa pengecualian. Hal ini secara tegas dijamin dalam Undang-Undang Dasar 1945, khususnya Pasal 28A yang menyatakan bahwa “Setiap orang berhak untuk hidup serta berhak mempertahankan hidup dan kehidupannya.” Selain itu, Pasal 28D ayat (1) juga menegaskan bahwa setiap orang berhak atas pengakuan, jaminan, perlindungan, dan kepastian hukum yang adil serta perlakuan yang sama di hadapan hukum.
Berdasarkan hal tersebut, tidak seharusnya ada kebijakan yang terkesan membedakan nilai keselamatan antara satu kelompok dengan kelompok lainnya, baik itu laki-laki maupun perempuan. Dalam situasi yang menyangkut keselamatan jiwa, seluruh manusia memiliki hak yang setara untuk dilindungi tanpa adanya prioritas yang dapat menimbulkan kesan bahwa satu nyawa lebih penting dibanding yang lain.
Meskipun tujuan perlindungan terhadap perempuan dapat dipahami dari sisi sosial dan keamanan, kebijakan publik tetap harus mempertimbangkan prinsip keadilan yang menyeluruh. Perlindungan tidak boleh mengarah pada perlakuan yang menimbulkan ketimpangan dalam hak dasar, terutama hak untuk hidup yang bersifat mutlak dan tidak tergantikan.
Oleh karena itu, setiap kebijakan seharusnya dirancang secara hati-hati, berbasis data, serta mempertimbangkan keselamatan seluruh penumpang tanpa terkecuali, sehingga nilai keadilan dan kemanusiaan tetap terjaga sesuai dengan amanat konstitusi.",3,1777455203,Negatif,"Kritik, penolakan, keluhan, atau sarkasme terhadap isi pernyataan/solusi",0.82,Tidak
391,vevey_420,vy_,Gimana kalo gerbong nya di bikin di tengah aja buk,3,1777450935,Negatif,"Kritik, penolakan, keluhan, atau sarkasme terhadap isi pernyataan/solusi",0.82,Tidak
392,daffasinaga67,D   FOR   DAFFA,walaupun kami jarang rayain ulang tahun kami juga mau panjang umur buk,3,1777448140,Negatif,"Kritik, penolakan, keluhan, atau sarkasme terhadap isi pernyataan/solusi",0.82,Tidak
393,farhanramadhan.42,M💫,di tanya solusi malah ubah formasi👀,3,1777446681,Negatif,"Kritik, penolakan, keluhan, atau sarkasme terhadap isi pernyataan/solusi",0.82,Tidak
394,wayu_ngwur,𝐖𝐚𝐲𝐮,seharusnya nyari solusi buat kendaraan gak tinggal di tengah rell lagi bukan Gonta ganti tempat hadeh,3,1777445883,Negatif,"Kritik, penolakan, keluhan, atau sarkasme terhadap isi pernyataan/solusi",0.82,Tidak
395,p4in.to.p4int,pain to paint,"[Sticker] maaf ibu...
Jika gerbong Tengah Di timpa Pohon Besar usulan ibu kira kira pindah kemana lagi. saya Bertanya dengan sopan. terimakasih",3,1777444806,Negatif,"Kritik, penolakan, keluhan, atau sarkasme terhadap isi pernyataan/solusi",0.82,Tidak
396,dndymldn,D,"meski kami jarang merayakan ulang tahun, kami juga ingin panjang umur",3,1777444199,Negatif,"Kritik, penolakan, keluhan, atau sarkasme terhadap isi pernyataan/solusi",0.82,Tidak
397,brz967,rz,yg penting ngomong meskipun ngomong nya g penting,3,1777443629,Negatif,"Kritik, penolakan, keluhan, atau sarkasme terhadap isi pernyataan/solusi",0.82,Tidak
398,alifmu7,aLlif,mak e sopo iki kok gemeshne 🤏,3,1777443090,Negatif,"Kritik, penolakan, keluhan, atau sarkasme terhadap isi pernyataan/solusi",0.82,Tidak
399,sambernyowo1293,cHulopapii,"kita emang paling suka di jepit,tapi bukan dijepit kereta juga 😭",3,1777442855,Negatif,"Kritik, penolakan, keluhan, atau sarkasme terhadap isi pernyataan/solusi",0.82,Tidak
400,alarick_store24,Aa’Arik,Kok bisa gni ya? Heran,3,1777439052,Negatif,"Kritik, penolakan, keluhan, atau sarkasme terhadap isi pernyataan/solusi",0.82,Tidak
401,marchkosong7,7-Mar,[Sticker] sepakat!,3,1777435787,Positif,"Dukungan, persetujuan, atau afirmasi literal",0.76,Tidak
402,voxi475,🐣,"malah ganti formasi bukannya
cari solusi",3,1777433976,Negatif,"Kritik, penolakan, keluhan, atau sarkasme terhadap isi pernyataan/solusi",0.82,Tidak
403,s4triapramudita,💲atriaa,fix make,3,1777432005,Netral,Tidak ada opini jelas/komentar hanya sticker atau observasi,0.85,Tidak
404,lambok87putraberl,Lambok87 Ban velg,Di atas lebih aman ibu,3,1777431895,Negatif,"Kritik, penolakan, keluhan, atau sarkasme terhadap isi pernyataan/solusi",0.82,Tidak
405,t.m.s.n.k.a,budak malay,[Sticker] sepakat...,3,1777430124,Positif,"Dukungan, persetujuan, atau afirmasi literal",0.76,Tidak
406,hidd_a7x,Hidd_24,malah ganti formasi anjerrr 🗿,3,1777428815,Negatif,"Kritik, penolakan, keluhan, atau sarkasme terhadap isi pernyataan/solusi",0.82,Tidak
407,raysoko98,😹,[Sticker] yg diharapkan mentri ketika mengganti formasi:,3,1777428439,Negatif,"Kritik, penolakan, keluhan, atau sarkasme terhadap isi pernyataan/solusi",0.82,Tidak
408,fadil_maulanarhn,enjoy the proses,walaupun kami jarang merayakan ulang tahun tapi kami juga pengen panjang umur buu🙏,3,1777427140,Negatif,"Kritik, penolakan, keluhan, atau sarkasme terhadap isi pernyataan/solusi",0.82,Tidak
409,monyetmer4h,ipanlagibae,"kami emang jrng ngerayain ultah bu,tapi kmi juga ingin panjang umur",3,1777426639,Negatif,"Kritik, penolakan, keluhan, atau sarkasme terhadap isi pernyataan/solusi",0.82,Tidak
410,teguhxox,teguhxox,"tadi ada yg komen d posting lain, katanya bowtie ajh yg ditaro di belakang sama depan 😭😭",3,1777425921,Negatif,"Kritik, penolakan, keluhan, atau sarkasme terhadap isi pernyataan/solusi",0.82,Tidak
411,wongsetengahrolas638,ig : ripkiiii738,gue jalan kaki aja bu....,3,1777424979,Negatif,"Kritik, penolakan, keluhan, atau sarkasme terhadap isi pernyataan/solusi",0.82,Tidak
412,allexx.sky,Ndaa,ini mah ganti formasi bukk bukan cari solusi sekelas mentri kok gini,3,1777424717,Negatif,"Kritik, penolakan, keluhan, atau sarkasme terhadap isi pernyataan/solusi",0.82,Tidak
413,its_xiaoyuu,Its_Xiaoyuu陈晓宇,Kocak yg di tanya solusi malah numbalin😭,3,1777424288,Negatif,"Kritik, penolakan, keluhan, atau sarkasme terhadap isi pernyataan/solusi",0.82,Tidak
414,nurse_dialysis,Nurse.Dialysis,bagaimana gerbongnya yg paling belkang buat menteri dan para pejabat bu ibuk??,3,1777423510,Negatif,"Kritik, penolakan, keluhan, atau sarkasme terhadap isi pernyataan/solusi",0.82,Tidak
415,kudaponiterrbang,Xhanzu,sepakat,3,1777423373,Positif,"Dukungan, persetujuan, atau afirmasi literal",0.76,Tidak
416,farr_44,Farr🕸,cetek banget pemikirannyaa,3,1777422772,Negatif,"Kritik, penolakan, keluhan, atau sarkasme terhadap isi pernyataan/solusi",0.82,Tidak
417,jawirrace201,BlizStecuue,[Sticker] mataneee,3,1777422518,Netral,Tidak ada opini jelas/komentar hanya sticker atau observasi,0.85,Tidak
418,myfriendsssssssssssssss,HAI,"Setiap manusia memiliki hak hidup yang sama tanpa pengecualian. Hal ini secara tegas dijamin dalam Undang-Undang Dasar 1945, khususnya Pasal 28A yang menyatakan bahwa “Setiap orang berhak untuk hidup serta berhak mempertahankan hidup dan kehidupannya.” Selain itu, Pasal 28D ayat (1) juga menegaskan bahwa setiap orang berhak atas pengakuan, jaminan, perlindungan, dan kepastian hukum yang adil serta perlakuan yang sama di hadapan hukum.
Berdasarkan hal tersebut, tidak seharusnya ada kebijakan yang terkesan membedakan nilai keselamatan antara satu kelompok dengan kelompok lainnya, baik itu laki-laki maupun perempuan. Dalam situasi yang menyangkut keselamatan jiwa, seluruh manusia memiliki hak yang setara untuk dilindungi tanpa adanya prioritas yang dapat menimbulkan kesan bahwa satu nyawa lebih penting dibanding yang lain.
Meskipun tujuan perlindungan terhadap perempuan dapat dipahami dari sisi sosial dan keamanan, kebijakan publik tetap harus mempertimbangkan prinsip keadilan yang menyeluruh. Perlindungan tidak boleh mengarah pada perlakuan yang menimbulkan ketimpangan dalam hak dasar, terutama hak untuk hidup yang bersifat mutlak dan tidak tergantikan.
Oleh karena itu, setiap kebijakan seharusnya dirancang secara hati-hati, berbasis data, serta mempertimbangkan keselamatan seluruh penumpang tanpa terkecuali, sehingga nilai keadilan dan kemanusiaan tetap terjaga sesuai dengan amanat konstitusi.",3,1777419652,Negatif,"Kritik, penolakan, keluhan, atau sarkasme terhadap isi pernyataan/solusi",0.82,Tidak
419,r..zk0,Budak Kampoeng,koq aku berada di zaman yang begini amat ya 😭,3,1777418571,Negatif,Humor/sarkasme yang cenderung mengkritik isi pernyataan,0.68,Ya
420,riqiw5,iqi,Bu spill jadi mentri lewat jalur apa,3,1777416923,Negatif,"Kritik, penolakan, keluhan, atau sarkasme terhadap isi pernyataan/solusi",0.82,Tidak
421,adlhm99,massdee,[Sticker] sepakat bu,3,1777415361,Positif,"Dukungan, persetujuan, atau afirmasi literal",0.76,Tidak
422,rawrrr19890,achmadrzalll,walaupun kami jarang merayakan ulang tahun tapi kami juga pengen panjang umur buu🙏,3,1777415118,Negatif,"Kritik, penolakan, keluhan, atau sarkasme terhadap isi pernyataan/solusi",0.82,Tidak
423,abcdefghijmiftah,Abysss,TIDAK SEPAKAT WOI,3,1777414503,Negatif,"Kritik, penolakan, keluhan, atau sarkasme terhadap isi pernyataan/solusi",0.82,Tidak
424,_kenzy.234,Floyd,"Mohon maaf bu, kami sebagai laki2 juga pengen hidup bu🙏",3,1777413344,Negatif,"Kritik, penolakan, keluhan, atau sarkasme terhadap isi pernyataan/solusi",0.82,Tidak
425,dulz4743,♉𝔸𝔹𝔼𝕐🧢,aih kok bisa usulannya kek gitu ? 🤔,3,1777410220,Negatif,"Kritik, penolakan, keluhan, atau sarkasme terhadap isi pernyataan/solusi",0.82,Tidak
426,terbiasasendiri.06,19 ≛⃝ 🅱️𝕦𝕝𝕝𝕖⁂ 33,maaf ini mamah aku kayanya kepikiran gak kebayar bang emok jdi agak ngawur ngasih epaluasinya 😭😭😭,3,1777400349,Negatif,Humor/sarkasme yang cenderung mengkritik isi pernyataan,0.68,Ya
427,drew85707,Drew,kita sama-sama terbuat dari tanah bu 🥺,3,1777393817,Netral,Komentar umum atau ambigu tanpa sentimen eksplisit,0.6,Ya
428,indralsmsn,Indralsmn,ko bisa ya berpikiran begitu,3,1777390679,Negatif,"Kritik, penolakan, keluhan, atau sarkasme terhadap isi pernyataan/solusi",0.82,Tidak
429,23_ndn,𝐈𝐧 𝐭𝐡𝐞 𝐞𝐧𝐝,"Bu perbaiki sistemnya, kalo sistemnya udh bagus, sering dilakukan pemeliharaan sinyal antar kereta atau apapun itu bakal minim kecelakaan, kalo cuma mindahin posisi gerbong tapi sistemnya ga di perbaiki kaya mindahin masalah bukan menyelesaikan masalah",3,1777390657,Negatif,"Kritik, penolakan, keluhan, atau sarkasme terhadap isi pernyataan/solusi",0.82,Tidak
430,sabedzt,🦖,[Sticker] jawaban macam apa ini,3,1777388103,Negatif,"Kritik, penolakan, keluhan, atau sarkasme terhadap isi pernyataan/solusi",0.82,Tidak
431,melisssj22,melissa,"ada"" saja",3,1777381708,Netral,Komentar terlalu singkat/ambigu untuk polaritas kuat,0.7,Ya
432,ditarzanka,Dita Hardiyansyah516,yang penting ngomong😅,3,1777367893,Negatif,"Kritik, penolakan, keluhan, atau sarkasme terhadap isi pernyataan/solusi",0.82,Tidak
433,gemini91uwyhg,Gemini,"pak Prabowo, ini mentri bisa diganti gak sih?",3,1777358948,Negatif,"Kritik, penolakan, keluhan, atau sarkasme terhadap isi pernyataan/solusi",0.82,Tidak
434,yanceruyanto80,y@nce Vlog,saya sangat setuju kalau Bu menteri di belakang saja,1,1777981107,Negatif,"Kritik, penolakan, keluhan, atau sarkasme terhadap isi pernyataan/solusi",0.82,Tidak
435,emir.pardede,Emir Pardede,kalok di pikir pikir berarti ada kelanjutan gelombang keduanya???,1,1777925173,Negatif,"Kritik, penolakan, keluhan, atau sarkasme terhadap isi pernyataan/solusi",0.82,Tidak
436,agusspae,Agus Sp Ae,"ini masalah musibah woooi
bkn masalah penempatan penumpang.....piye to kiii....",1,1777912682,Negatif,"Kritik, penolakan, keluhan, atau sarkasme terhadap isi pernyataan/solusi",0.82,Tidak
437,erikjulianto57,Erik,Seperti ini solusi dari seorang menteri?,1,1777884027,Negatif,"Kritik, penolakan, keluhan, atau sarkasme terhadap isi pernyataan/solusi",0.82,Tidak
438,garenx.11,vantryrealistic,ini bukan solusi tapi ganti formasi,1,1777818687,Negatif,"Kritik, penolakan, keluhan, atau sarkasme terhadap isi pernyataan/solusi",0.82,Tidak
439,themanzzz128,MANZZ⚡️🥷,[Sticker] ini aja di depan,1,1777767688,Negatif,"Kritik, penolakan, keluhan, atau sarkasme terhadap isi pernyataan/solusi",0.82,Tidak
440,opklkuuh,levii,"bukanya cari solusi, malah ganti formasi🗿",1,1777745682,Negatif,"Kritik, penolakan, keluhan, atau sarkasme terhadap isi pernyataan/solusi",0.82,Tidak
441,diondbmcargokoe,Dion Dbm Cargo Ko'e,ibu dapat rumus dari mana???,1,1777739707,Negatif,"Kritik, penolakan, keluhan, atau sarkasme terhadap isi pernyataan/solusi",0.82,Tidak
442,adesaputra7222,ade,[Sticker],0,1778463714,Netral,Tidak ada opini jelas/komentar hanya sticker atau observasi,0.85,Tidak
443,atotwo0,atotwi,[Sticker],0,1778390639,Netral,Tidak ada opini jelas/komentar hanya sticker atau observasi,0.85,Tidak
444,azkaaimar3,~Azka~,[Sticker] 🗿,0,1778385437,Negatif,Humor/sarkasme yang cenderung mengkritik isi pernyataan,0.68,Ya
445,padli_gabut1,padli_cikiwirr👾,[Sticker],0,1778385283,Netral,Tidak ada opini jelas/komentar hanya sticker atau observasi,0.85,Tidak
446,safia.qurrotul,Safia Qurrotul,wahh,0,1778303839,Netral,Tidak ada opini jelas/komentar hanya sticker atau observasi,0.85,Tidak
447,mas.bento.fishing,mas bento Fishing Mania,lollllllllll,0,1778253769,Negatif,"Kritik, penolakan, keluhan, atau sarkasme terhadap isi pernyataan/solusi",0.82,Tidak
448,masj977,Mas J,[Sticker],0,1778221199,Netral,Tidak ada opini jelas/komentar hanya sticker atau observasi,0.85,Tidak
449,kkeiizy_,kkeii.lvy🪄🎀,mnrt gua lebih bagus kalau kereta antar kota/daerah kaya argo Bromo anggrek sama KAI biasa it di bedain jalan / stasiunnya dh...,0,1778212881,Netral,Komentar umum atau ambigu tanpa sentimen eksplisit,0.6,Ya
450,chindoajalah2042,ChindoAjaLah,[Sticker],0,1778166118,Netral,Tidak ada opini jelas/komentar hanya sticker atau observasi,0.85,Tidak
451,subul.hmhmh,KK NUNG,siapa lu,0,1778163089,Negatif,"Kritik, penolakan, keluhan, atau sarkasme terhadap isi pernyataan/solusi",0.82,Tidak
452,abil.bill5,lyygreff,sepakat,0,1778151563,Positif,"Dukungan, persetujuan, atau afirmasi literal",0.76,Tidak
453,alvi162727,★PREDATOR LEGENDA★,[Sticker],0,1778147965,Netral,Tidak ada opini jelas/komentar hanya sticker atau observasi,0.85,Tidak
454,azka.juan0,AZKA_LARPER[🪖🪓],[Sticker],0,1778123118,Netral,Tidak ada opini jelas/komentar hanya sticker atau observasi,0.85,Tidak
455,rapli_kece07,seblang edit,Bu...mana persetujuan nya?,0,1778077383,Negatif,"Kritik, penolakan, keluhan, atau sarkasme terhadap isi pernyataan/solusi",0.82,Tidak
456,sokkeras_wak,.,[Sticker] yang di pikirkan bu mentri,0,1778070337,Negatif,"Kritik, penolakan, keluhan, atau sarkasme terhadap isi pernyataan/solusi",0.82,Tidak
457,nisa90012,nisa90012,cuma pak Purbaya dan AHY mentri yg cerdas,0,1778046958,Negatif,"Kritik, penolakan, keluhan, atau sarkasme terhadap isi pernyataan/solusi",0.82,Tidak
458,ssvfanzz,𝙏𝙨𝙪𝙠𝙖𝙨𝙖•SoL,[Sticker],0,1777974557,Netral,Tidak ada opini jelas/komentar hanya sticker atau observasi,0.85,Tidak
459,jodi2712452051760,jody,Mentri hebat😅😅,0,1777965800,Negatif,"Kritik, penolakan, keluhan, atau sarkasme terhadap isi pernyataan/solusi",0.82,Tidak
460,cantika.imut942,"CILEBOY""""",gw yang laki laki gw juga igin umur panjang bu,0,1777965328,Negatif,"Kritik, penolakan, keluhan, atau sarkasme terhadap isi pernyataan/solusi",0.82,Tidak
461,inigean4,BLACKREV★,[Sticker] tolong buu,0,1777957079,Netral,Tidak ada opini jelas/komentar hanya sticker atau observasi,0.85,Tidak
462,13thunalfiansyah,14thun alfiansyah,kenapa ga kasih jembatan buat mobil motor lewat biar ga nunggu kereta,0,1777954064,Negatif,"Kritik, penolakan, keluhan, atau sarkasme terhadap isi pernyataan/solusi",0.82,Tidak
463,azzmm08,Z4Mm🙉,brti masinis nya di ujungg🥰🥰,0,1777952972,Negatif,"Kritik, penolakan, keluhan, atau sarkasme terhadap isi pernyataan/solusi",0.82,Tidak
464,abdispd,A.Ramadhan,ngakak sumpah udh berkali kali gw puter lagi nih vidio..ttep ngakak liat nih mentri,0,1777942577,Negatif,"Kritik, penolakan, keluhan, atau sarkasme terhadap isi pernyataan/solusi",0.82,Tidak
465,alfianlapandewa,"ZNYXQ ¢_¢ ★★#,🗿",[Sticker],0,1777932525,Netral,Tidak ada opini jelas/komentar hanya sticker atau observasi,0.85,Tidak
466,alfianlapandewa,"ZNYXQ ¢_¢ ★★#,🗿",[Sticker],0,1777932522,Netral,Tidak ada opini jelas/komentar hanya sticker atau observasi,0.85,Tidak
467,alfianlapandewa,"ZNYXQ ¢_¢ ★★#,🗿",[Sticker],0,1777932514,Netral,Tidak ada opini jelas/komentar hanya sticker atau observasi,0.85,Tidak
468,alfianlapandewa,"ZNYXQ ¢_¢ ★★#,🗿",[Sticker],0,1777932510,Netral,Tidak ada opini jelas/komentar hanya sticker atau observasi,0.85,Tidak
469,hariswandi3,Haris03,[Sticker],0,1777896221,Netral,Tidak ada opini jelas/komentar hanya sticker atau observasi,0.85,Tidak
470,tamrin5491,tamrin,sak karep mu bu,0,1777887715,Netral,Tidak ada opini jelas/komentar hanya sticker atau observasi,0.85,Tidak
471,zilo.pratama8,Zilo Pratama,a eu au,0,1777876030,Netral,Tidak ada opini jelas/komentar hanya sticker atau observasi,0.85,Tidak
472,user858854608,vejndje,[Sticker],0,1777872466,Netral,Tidak ada opini jelas/komentar hanya sticker atau observasi,0.85,Tidak
473,theooo__12,Hanz (Theo),kocak,0,1777867045,Negatif,"Kritik, penolakan, keluhan, atau sarkasme terhadap isi pernyataan/solusi",0.82,Tidak
474,30915615177,user8319886390594,entah lah,0,1777861752,Netral,Komentar terlalu singkat/ambigu untuk polaritas kuat,0.7,Ya
475,gilangginanjar019,Gilangginanjar,ibu segera mengundurkan diri,0,1777859778,Negatif,"Kritik, penolakan, keluhan, atau sarkasme terhadap isi pernyataan/solusi",0.82,Tidak
476,babacala1,BABA CALA 1124,kocak,0,1777849724,Negatif,"Kritik, penolakan, keluhan, atau sarkasme terhadap isi pernyataan/solusi",0.82,Tidak
477,kumis.baekk,kumis baekk,"untung gua bisa gonta ganti item, imo ganti winter😭",0,1777817763,Negatif,"Kritik, penolakan, keluhan, atau sarkasme terhadap isi pernyataan/solusi",0.82,Tidak
478,bahtiar.ismail3,Bahtiar Ismail,szya setuju yang didepan para menteri yamg dibelakang anggota DPR,0,1777816056,Negatif,"Kritik, penolakan, keluhan, atau sarkasme terhadap isi pernyataan/solusi",0.82,Tidak
479,affandi212,Kanzu Zio Affandi,gak solotip,0,1777814600,Negatif,"Kritik, penolakan, keluhan, atau sarkasme terhadap isi pernyataan/solusi",0.82,Tidak
480,riixzz8,pahririri🗿_,KITA BUTUH HIDUP BU,0,1777806804,Negatif,"Kritik, penolakan, keluhan, atau sarkasme terhadap isi pernyataan/solusi",0.82,Tidak
481,riom66,riom66,[Sticker] baik lah,0,1777806340,Netral,Tidak ada opini jelas/komentar hanya sticker atau observasi,0.85,Tidak
482,taraaapretty,mileadnanhusein,setuju sih aku tan,0,1777795886,Positif,"Dukungan, persetujuan, atau afirmasi literal",0.76,Tidak
483,kenzie.azka624,Kenzie Azka,di kira kita superman,0,1777794564,Negatif,"Kritik, penolakan, keluhan, atau sarkasme terhadap isi pernyataan/solusi",0.82,Tidak
484,baimaas3,ADEK NYA NOXXA,"bukannya cari solusi
malah ganti strategi",0,1777794469,Negatif,"Kritik, penolakan, keluhan, atau sarkasme terhadap isi pernyataan/solusi",0.82,Tidak
485,radika4420,dika,[Sticker],0,1777793918,Netral,Tidak ada opini jelas/komentar hanya sticker atau observasi,0.85,Tidak
486,callmesyadd1,Syadcing😺,kalo yang kena yang tengah gimana?,0,1777792967,Negatif,"Kritik, penolakan, keluhan, atau sarkasme terhadap isi pernyataan/solusi",0.82,Tidak
487,dhenyfebrian06,hey👽,[Sticker],0,1777792450,Netral,Tidak ada opini jelas/komentar hanya sticker atau observasi,0.85,Tidak
488,whellll4321,Dodiwhy,paan si,0,1777789610,Negatif,"Kritik, penolakan, keluhan, atau sarkasme terhadap isi pernyataan/solusi",0.82,Tidak
489,zico.warsito,Zico Warsito,wkwkwkwkwkwkwkwkwkwkwkwkwkwkwkwkwkwkwkwkwkwkwkwkwkwkwkwkwk.....,0,1777789190,Negatif,Humor/sarkasme yang cenderung mengkritik isi pernyataan,0.68,Ya
490,rafasyha843,rafasyha,sabar ya kitamh,0,1777789017,Netral,Komentar umum atau ambigu tanpa sentimen eksplisit,0.6,Ya
491,abdillah.daulay,Abdillah Daulay,Kek gini mentri😭😭😭😭,0,1777781045,Negatif,"Kritik, penolakan, keluhan, atau sarkasme terhadap isi pernyataan/solusi",0.82,Tidak
492,tando5848,tando,[Sticker],0,1777776729,Netral,Tidak ada opini jelas/komentar hanya sticker atau observasi,0.85,Tidak
493,ailakunilang,Aill,[Sticker],0,1777776042,Netral,Tidak ada opini jelas/komentar hanya sticker atau observasi,0.85,Tidak
494,arlpttt_,pato,[Sticker],0,1777769714,Netral,Tidak ada opini jelas/komentar hanya sticker atau observasi,0.85,Tidak
495,volvob11._r,Mase RR🇮🇩🇵🇸,kami setuju klo gerbong paling belakang dan paling depan khusus menteri dan pejabat.,0,1777769107,Negatif,"Kritik, penolakan, keluhan, atau sarkasme terhadap isi pernyataan/solusi",0.82,Tidak
496,firman.huda0,matahari terbit,"Terimakasih ku mewakili istri dan anak.
ibu tolong besok cerita perjalanan menuju kursi menteri",0,1777763628,Negatif,"Kritik, penolakan, keluhan, atau sarkasme terhadap isi pernyataan/solusi",0.82,Tidak
497,xhygaishere,55Xhygá!¡,[Sticker] acc buk,0,1777761348,Netral,Tidak ada opini jelas/komentar hanya sticker atau observasi,0.85,Tidak
498,umii_afif,UmiiAfif,"kirain cuma aku yg kaget smbil ketawa,, 😂😂
gak bisa ngomong😂",0,1777760412,Negatif,"Kritik, penolakan, keluhan, atau sarkasme terhadap isi pernyataan/solusi",0.82,Tidak
499,graniitaa,granita cenggoh,otw pindah Isekai bangg,0,1777749571,Negatif,"Kritik, penolakan, keluhan, atau sarkasme terhadap isi pernyataan/solusi",0.82,Tidak
500,bunges86,febriancok,meskipun kami sering terbentur masalah ekonomi bukan berarti kami kuat menahan benturan besi,2,1777553186,Negatif,"Kritik, penolakan, keluhan, atau sarkasme terhadap isi pernyataan/solusi",0.82,Tidak
501,gerzz_avgeks,GERZZ,100% aku GK mau naik kereta 🤭,2,1777552504,Negatif,Humor/sarkasme yang cenderung mengkritik isi pernyataan,0.68,Ya
502,king.val95,king val,efek pake orang dalem ga sih ? / pake adm masuk kerja nya ??,2,1777550336,Negatif,"Kritik, penolakan, keluhan, atau sarkasme terhadap isi pernyataan/solusi",0.82,Tidak
503,demarket_58,Demarket_58,"kami emg kuat angkat galon, bukan berarti kuat jg dihantam gerbong kereta...😵‍💫",2,1777545976,Negatif,"Kritik, penolakan, keluhan, atau sarkasme terhadap isi pernyataan/solusi",0.82,Tidak
504,dynrhmdnii_,Produk jawa,"gada cape""nya nangisin komentar kalian dari kemaren😭",2,1777545834,Negatif,Humor/sarkasme yang cenderung mengkritik isi pernyataan,0.68,Ya
505,khifdzulfrsssss_,fariss anak berbakti®,bukan nya ngasih solusi malah formasi😭😭,2,1777545488,Negatif,"Kritik, penolakan, keluhan, atau sarkasme terhadap isi pernyataan/solusi",0.82,Tidak
506,leroxxfansmunchen,LEROX🇮🇩🇩🇪,wah malah ganti formasi🗿,2,1777544844,Negatif,"Kritik, penolakan, keluhan, atau sarkasme terhadap isi pernyataan/solusi",0.82,Tidak
507,uwong_005,𝗦𝟰𝗡𝗗𝟭,laki laki juga berhak hidup,2,1777542460,Negatif,"Kritik, penolakan, keluhan, atau sarkasme terhadap isi pernyataan/solusi",0.82,Tidak
508,fritzi.abiasa,Fritz,ko bisa sih menteri ngomong begini😭💔,2,1777541596,Negatif,"Kritik, penolakan, keluhan, atau sarkasme terhadap isi pernyataan/solusi",0.82,Tidak
509,btn394,BTN GACOR!,Maaf buk kalok bole usul gimna kalok ara rute kerata api nya di arahin ke rumah ibuk aja🙏,2,1777539225,Negatif,"Kritik, penolakan, keluhan, atau sarkasme terhadap isi pernyataan/solusi",0.82,Tidak
510,zainurizai24,...,"ini bukan solusi ibuuuuuuuk.....
yang harus d. perbaiki faktor kecelakaan an x kedepan nya harus seperti apa untuk strategi keselamatan penumpang .... bukan masalah tempat nya....",2,1777538348,Negatif,"Kritik, penolakan, keluhan, atau sarkasme terhadap isi pernyataan/solusi",0.82,Tidak
511,rhill371,Rhil,saya sudahhh siap Bu,2,1777531396,Netral,Komentar umum atau ambigu tanpa sentimen eksplisit,0.6,Ya
512,lamai_889,lamai889,bu tolong gimana kalo gerbong belakang di ganti aja dengan rombongan khusus pejabat aja.,2,1777524081,Negatif,"Kritik, penolakan, keluhan, atau sarkasme terhadap isi pernyataan/solusi",0.82,Tidak
513,inot.ambrose1,Inot Ambrose,[Sticker] Siap bu kami sudah ngantri,2,1777523783,Netral,Komentar umum atau ambigu tanpa sentimen eksplisit,0.6,Ya
514,ninooninooninoo2,ninooninooninoo2,"tapi aku sukanya masuk lewat yang depan aja, ga suka yang belakang.",2,1777522199,Netral,Komentar umum atau ambigu tanpa sentimen eksplisit,0.6,Ya
515,bagassnpp,BAGASSS,"Ngomong yang penting ❎
Yang penting ngomong ✅",2,1777520684,Negatif,"Kritik, penolakan, keluhan, atau sarkasme terhadap isi pernyataan/solusi",0.82,Tidak
516,rista.aprianii,Rista Apriani,kami setuju klo gerbong paling belakang dan paling depan khusus menteri dan pejabat.,2,1777518000,Negatif,"Kritik, penolakan, keluhan, atau sarkasme terhadap isi pernyataan/solusi",0.82,Tidak
517,sigitdavinn,sigit,itu bukan solusi menyelesaikan masalah tetapi memindah masalah,2,1777513828,Negatif,"Kritik, penolakan, keluhan, atau sarkasme terhadap isi pernyataan/solusi",0.82,Tidak
518,nylzzhhh,Nayy,Ngomongin hal penting❌ yang penting ngomong✅😭,2,1777513303,Negatif,"Kritik, penolakan, keluhan, atau sarkasme terhadap isi pernyataan/solusi",0.82,Tidak
519,inda.in44,jasi,meskipun kami sering terbentur masalah ekonomi bukan berati kami kuat menahan benturan besi buk 😌,2,1777512668,Negatif,"Kritik, penolakan, keluhan, atau sarkasme terhadap isi pernyataan/solusi",0.82,Tidak
520,aprilandias,YantiSda,kami juga selalu menunggu kedatangan suami dengan sehat dan selamat bu😪,2,1777512312,Negatif,"Kritik, penolakan, keluhan, atau sarkasme terhadap isi pernyataan/solusi",0.82,Tidak
521,rdnnnn_12,rdn,apa bedanya,2,1777510232,Negatif,"Kritik, penolakan, keluhan, atau sarkasme terhadap isi pernyataan/solusi",0.82,Tidak
522,widhizebaoth,Widhizebaoth,sdh terlambat bu saya sd pakai daster 🤣🤣🤣🤣,2,1777509973,Negatif,Humor/sarkasme yang cenderung mengkritik isi pernyataan,0.68,Ya
523,_andsirw,￶￶,Fauzi ini ada ada aja gebrakan nya,2,1777507609,Negatif,"Kritik, penolakan, keluhan, atau sarkasme terhadap isi pernyataan/solusi",0.82,Tidak
524,novariyan90,novariyan90,baiknya ada penambahan gerbong depan/belakang untuk logistik. jd lebih aman.,2,1777507077,Negatif,"Kritik, penolakan, keluhan, atau sarkasme terhadap isi pernyataan/solusi",0.82,Tidak
525,rama_5g,￴ ￴ ￴ ￴ ￴ ￴ ￴ ￴ ￴ ￴,kami bukan Spiderman Bu🥲,2,1777506640,Negatif,"Kritik, penolakan, keluhan, atau sarkasme terhadap isi pernyataan/solusi",0.82,Tidak
526,soulmate_s8186,🍒S.Y.R❤,Bu .. Bu .. statement anda bikin ngakak 😂😂,2,1777505562,Negatif,"Kritik, penolakan, keluhan, atau sarkasme terhadap isi pernyataan/solusi",0.82,Tidak
527,leexxa6798,user754297688,"[Sticker] @bagusw:bukannya ngasi solusi,malah ganti formasi",2,1777504375,Negatif,"Kritik, penolakan, keluhan, atau sarkasme terhadap isi pernyataan/solusi",0.82,Tidak
528,gl45222,zain,gw bukan spiderman,2,1777501803,Negatif,"Kritik, penolakan, keluhan, atau sarkasme terhadap isi pernyataan/solusi",0.82,Tidak
529,rexasthekid,navr,mangboleh seplenger ini,2,1777500131,Negatif,"Kritik, penolakan, keluhan, atau sarkasme terhadap isi pernyataan/solusi",0.82,Tidak
530,triyono8614,John,bu Kamu sungguh lucu bikin anak balita ketawa,2,1777495563,Negatif,"Kritik, penolakan, keluhan, atau sarkasme terhadap isi pernyataan/solusi",0.82,Tidak
531,bintang1a_,miaw.com,[Sticker] usulan apa ?; ulangi....,2,1777489790,Negatif,"Kritik, penolakan, keluhan, atau sarkasme terhadap isi pernyataan/solusi",0.82,Tidak
532,khnss9_,Alvinツ,Di suruh cari solusi malah cari penganti 🥲,2,1777488167,Negatif,"Kritik, penolakan, keluhan, atau sarkasme terhadap isi pernyataan/solusi",0.82,Tidak
533,putsunia,Cardina,"salah Bu, gerbong depan belakang yang isi Mentri sama penjabat ..",2,1777487959,Negatif,"Kritik, penolakan, keluhan, atau sarkasme terhadap isi pernyataan/solusi",0.82,Tidak
534,lilywinterwhite,lilyexpander,"solusi buk,bukan ganti posisi😭",2,1777487826,Negatif,Humor/sarkasme yang cenderung mengkritik isi pernyataan,0.68,Ya
535,solehmoehamad7,solehmoehamad7,"pas dengan jabatannya, mentri P A",2,1777487089,Negatif,"Kritik, penolakan, keluhan, atau sarkasme terhadap isi pernyataan/solusi",0.82,Tidak
536,gyx.110,Ahmad Kasim • Mengikuti,[Sticker] the idea,2,1777482586,Netral,Komentar terlalu singkat/ambigu untuk polaritas kuat,0.7,Ya
537,thirteen13._,Bbrams,"bukannya kasih solusi, malah ganti posisi😭",2,1777480185,Negatif,"Kritik, penolakan, keluhan, atau sarkasme terhadap isi pernyataan/solusi",0.82,Tidak
538,satriyaramadanii,sat,ga kebayang betapa kuatnya suami ibuk ini,2,1777476801,Negatif,"Kritik, penolakan, keluhan, atau sarkasme terhadap isi pernyataan/solusi",0.82,Tidak
539,sumatra837,Sumatra,kenapaa tidak mengunakan gerbong kosong di belakang,2,1777474900,Negatif,"Kritik, penolakan, keluhan, atau sarkasme terhadap isi pernyataan/solusi",0.82,Tidak
540,sukronpe,Sukron Perdana,"Salah bu, sistemnya dibenahi sebagai contoh kereta di negara jepang rel nya udah canggih ada sistem lock kalau ada bahaya dan minim resiko kecelakaan.",2,1777474261,Negatif,"Kritik, penolakan, keluhan, atau sarkasme terhadap isi pernyataan/solusi",0.82,Tidak
541,sky67xy,Sakay,gua lebih setuju gerbong depan sama gerbong belakang di isi pemerintah sama menteri.,2,1777473471,Negatif,"Kritik, penolakan, keluhan, atau sarkasme terhadap isi pernyataan/solusi",0.82,Tidak
542,okkst__,Okky Saputra,"semua aja ditengah Bu, belakang sama depan taro Bubblewarp",2,1777472599,Negatif,"Kritik, penolakan, keluhan, atau sarkasme terhadap isi pernyataan/solusi",0.82,Tidak
543,hanzzz.ganzx,Hanzz√🫩,[Sticker] lelaki juga manusia,2,1777472560,Negatif,"Kritik, penolakan, keluhan, atau sarkasme terhadap isi pernyataan/solusi",0.82,Tidak
544,nastaman_ts,WAWAN DAENG NABA,"ibu, kita ini butuh solusi gimana caranya minimalisir korban, bukan malah tukar korban...",2,1777471792,Negatif,"Kritik, penolakan, keluhan, atau sarkasme terhadap isi pernyataan/solusi",0.82,Tidak
545,ondo.siburian,KEPO NAMA GUA 🖕,mikir lah orang mau hidup,2,1777471141,Negatif,"Kritik, penolakan, keluhan, atau sarkasme terhadap isi pernyataan/solusi",0.82,Tidak
546,biawakgoreng783,🫀🩸🦠,saya usul gimana kalo gerbong belakang dan depan suruh pejabat aja gimana buk🙏,2,1777471012,Negatif,"Kritik, penolakan, keluhan, atau sarkasme terhadap isi pernyataan/solusi",0.82,Tidak
547,yantis37,"yanti,S",kalau aku gerbong belakang sama depan itu kusus buat penjabat aja,2,1777469643,Negatif,"Kritik, penolakan, keluhan, atau sarkasme terhadap isi pernyataan/solusi",0.82,Tidak
548,al_ghozalii6,##ALZZZ##STECUU##,jadi takut naik kereta,2,1777469205,Negatif,"Kritik, penolakan, keluhan, atau sarkasme terhadap isi pernyataan/solusi",0.82,Tidak
549,prestuawensi26,Tuu_263,Bu info info yaa klo ada loker mentri saya mau juga,2,1777467568,Negatif,"Kritik, penolakan, keluhan, atau sarkasme terhadap isi pernyataan/solusi",0.82,Tidak
550,irwansyahsimanjuntak,Irwansyah Simanjuntak,meskipun kami sering terbentur masalah ekonomi bukan berati kami kuat menahan benturan besi buk 😌,2,1777467334,Negatif,"Kritik, penolakan, keluhan, atau sarkasme terhadap isi pernyataan/solusi",0.82,Tidak
551,ramaliatiktok.com,amalia Putri,"tim baca komen,ngakak gw jir",2,1777467061,Netral,Tidak ada opini jelas/komentar hanya sticker atau observasi,0.85,Tidak
552,fwzulxyz,Fawwaz Ulwani,meskipun kami sering terbentur masalah ekonomi bukan berati kami kuat menahan benturan besi buk 😌,2,1777466969,Negatif,"Kritik, penolakan, keluhan, atau sarkasme terhadap isi pernyataan/solusi",0.82,Tidak
553,dioprrrtm,dioobahayaa.,EZZ BGT! AYO GUA UDH READY BANGETT,2,1777465609,Netral,Komentar umum atau ambigu tanpa sentimen eksplisit,0.6,Ya
554,goledputra,goledputra,bukanya cari solusi malah ubah formasi🗿,2,1777465327,Negatif,"Kritik, penolakan, keluhan, atau sarkasme terhadap isi pernyataan/solusi",0.82,Tidak
555,_plat_r,yanto cilacap,Alangkah baiknya gerbong belakang Anggota Dewan... gerbong depan pejabat pemerintah...,2,1777465299,Negatif,"Kritik, penolakan, keluhan, atau sarkasme terhadap isi pernyataan/solusi",0.82,Tidak
556,kanglimon,㉿ꪋ𝘯𝔤 Ꮮɪᴍᴏɴ⸙,buk meskipun kami sering terbentur masalah ekonomi bukan berati kami kuat menahan benturan besi.,2,1777462882,Negatif,"Kritik, penolakan, keluhan, atau sarkasme terhadap isi pernyataan/solusi",0.82,Tidak
557,egik306,Egik Artanto,Ibu mentri….walopun kami kaum laki laki jarang merayakan ulang tahun….tapi kami juga pengen panjang umur serta mulia…..😅😅,2,1777462540,Negatif,"Kritik, penolakan, keluhan, atau sarkasme terhadap isi pernyataan/solusi",0.82,Tidak
558,kuch970,🕷️,[Sticker] usul macam apa ini,2,1777462085,Negatif,"Kritik, penolakan, keluhan, atau sarkasme terhadap isi pernyataan/solusi",0.82,Tidak
559,kesayangan_army26,Diana 🐣💜,"bismillah.
Open PO, Jaket Bubble Wrap nya Mas Mas. cocok untuk yg suka PP naik KRL di Gerbong Depan Belakang. yg mau tanya² boleh Japri ya 🙏",2,1777461170,Negatif,"Kritik, penolakan, keluhan, atau sarkasme terhadap isi pernyataan/solusi",0.82,Tidak
560,hambaallah0317,Hamba Allah,bagaimana para kaum perempuan? kalian setuju tidak dengan usulan ibu yang terhormat ini?,2,1777460824,Netral,Pertanyaan atau komentar belum menunjukkan polaritas jelas,0.65,Ya
561,abadaly1,Sang_figuran,Itu mentri??,2,1777460429,Negatif,"Kritik, penolakan, keluhan, atau sarkasme terhadap isi pernyataan/solusi",0.82,Tidak
562,mpixxz,Koo,"Sejak saat itu, saya cari tutorial pakai pashmina 😢",2,1777460038,Negatif,"Kritik, penolakan, keluhan, atau sarkasme terhadap isi pernyataan/solusi",0.82,Tidak
563,baihaqi_asy21,Haiq,"P P Apaa?? PPPA mempesonaa..
U U Apaa Usulan yang membagongkann😂",2,1777459873,Negatif,Humor/sarkasme yang cenderung mengkritik isi pernyataan,0.68,Ya
564,kalxyy,YooKallzx,bukannya ngasih solusi malah ganti formasi,2,1777459343,Negatif,"Kritik, penolakan, keluhan, atau sarkasme terhadap isi pernyataan/solusi",0.82,Tidak
565,evandertristangrasio,Evan,kami bukan tameng baja Bu...,2,1777459047,Negatif,"Kritik, penolakan, keluhan, atau sarkasme terhadap isi pernyataan/solusi",0.82,Tidak
566,sundaspider1,🕷️,[Sticker] kami juga manusia bu,2,1777458968,Negatif,"Kritik, penolakan, keluhan, atau sarkasme terhadap isi pernyataan/solusi",0.82,Tidak
567,theking1234567891011120,king,"Setiap manusia memiliki hak hidup yang sama tanpa pengecualian. Hal ini secara tegas dijamin dalam Undang-Undang Dasar 1945, khususnya Pasal 28A yang menyatakan bahwa “Setiap orang berhak untuk hidup serta berhak mempertahankan hidup dan kehidupannya.” Selain itu, Pasal 28D ayat (1) juga menegaskan bahwa setiap orang berhak atas pengakuan, jaminan, perlindungan, dan kepastian hukum yang adil serta perlakuan yang sama di hadapan hukum.
Berdasarkan hal tersebut, tidak seharusnya ada kebijakan yang terkesan membedakan nilai keselamatan antara satu kelompok dengan kelompok lainnya, baik itu laki-laki maupun perempuan. Dalam situasi yang menyangkut keselamatan jiwa, seluruh manusia memiliki hak yang setara untuk dilindungi tanpa adanya prioritas yang dapat menimbulkan kesan bahwa satu nyawa lebih penting dibanding yang lain.
Meskipun tujuan perlindungan terhadap perempuan dapat dipahami dari sisi sosial dan keamanan, kebijakan publik tetap harus mempertimbangkan prinsip keadilan yang menyeluruh. Perlindungan tidak boleh mengarah pada perlakuan yang menimbulkan ketimpangan dalam hak dasar, terutama hak untuk hidup yang bersifat mutlak dan tidak tergantikan.
Oleh karena itu, setiap kebijakan seharusnya dirancang secara hati-hati, berbasis data, serta mempertimbangkan keselamatan seluruh penumpang tanpa terkecuali, sehingga nilai keadilan dan kemanusiaan tetap terjaga sesuai dengan amanat konstitusi.",2,1777458056,Negatif,"Kritik, penolakan, keluhan, atau sarkasme terhadap isi pernyataan/solusi",0.82,Tidak
568,usernamebjork4,bjork,signal kereta error dianya ikutan error signalnya,2,1777455803,Negatif,"Kritik, penolakan, keluhan, atau sarkasme terhadap isi pernyataan/solusi",0.82,Tidak
569,irzi1240,.,bukan nya cari solusi malah ganti formasi,2,1777455618,Negatif,"Kritik, penolakan, keluhan, atau sarkasme terhadap isi pernyataan/solusi",0.82,Tidak
570,sihab3414,aciww,[Sticker] sepakat,2,1777453569,Positif,"Dukungan, persetujuan, atau afirmasi literal",0.76,Tidak
571,kardinaanggini08www,KardinaAnggini,"Harusnya gerbong lebih panjang aja ga sih, kek misalnya sblm gerbong penumpang, ada 2/3gerbong yg buat antisipasi kecelakaan depan belakang, jadi masinis nya juga bisa ngindar, kalo ada tanda"" kecelakaan kek gini dia juga bisa terlindung lari kebelakang gerbong penumpang bisa ga sih",2,1777453122,Negatif,"Kritik, penolakan, keluhan, atau sarkasme terhadap isi pernyataan/solusi",0.82,Tidak
572,dali252208,dallzzzz,jadi menteri gaperlu cerdas yakan,2,1777451839,Negatif,"Kritik, penolakan, keluhan, atau sarkasme terhadap isi pernyataan/solusi",0.82,Tidak
573,yang_ypc,杨庞成🇨🇳💨,buk masalahnya aku sering keluar kota terus aku masih kecil gak bisa jaga diri sendiri,2,1777451704,Negatif,"Kritik, penolakan, keluhan, atau sarkasme terhadap isi pernyataan/solusi",0.82,Tidak
574,fris_ftrchmn,ris🏸,mengurangi korban Bu bukan ganti korban,2,1777450041,Negatif,"Kritik, penolakan, keluhan, atau sarkasme terhadap isi pernyataan/solusi",0.82,Tidak
575,ngurek.yu,NGUREK Yu,[Sticker] bukanya cari solusi malah ganti formasi,2,1777449993,Negatif,"Kritik, penolakan, keluhan, atau sarkasme terhadap isi pernyataan/solusi",0.82,Tidak
576,luckyraffaramadha,luck,Laki laki juga manusia,2,1777449669,Negatif,"Kritik, penolakan, keluhan, atau sarkasme terhadap isi pernyataan/solusi",0.82,Tidak
577,danzzyy32,🎭,pake formasi apa bu,2,1777449323,Negatif,"Kritik, penolakan, keluhan, atau sarkasme terhadap isi pernyataan/solusi",0.82,Tidak
578,baskaraginanjar,baskaraginanjar,Apa sih kriteria atau persyaratan jadi menteri? Kok dapetnya gini-gini amat...,2,1777447342,Negatif,"Kritik, penolakan, keluhan, atau sarkasme terhadap isi pernyataan/solusi",0.82,Tidak
579,.xxyzz_,47,cuma perubahan pemain,2,1777446844,Netral,Komentar umum atau ambigu tanpa sentimen eksplisit,0.6,Ya
580,telo.goreng243,Sempak Basah,"[Sticker] Omong YANG PENTING❌
YANG PENTING Omong✅",2,1777445704,Negatif,"Kritik, penolakan, keluhan, atau sarkasme terhadap isi pernyataan/solusi",0.82,Tidak
581,al_ikhtiar,al_ikhtiar,ngomong yang penting? yang penting ngomong,2,1777445479,Negatif,"Kritik, penolakan, keluhan, atau sarkasme terhadap isi pernyataan/solusi",0.82,Tidak
582,ojol_badboys,OJOL BADBOY'S,okee Bu saya berangkat kerja pake daster 😭,2,1777445178,Negatif,Humor/sarkasme yang cenderung mengkritik isi pernyataan,0.68,Ya
583,reski.sudarsono,"25 Juli ""R"" 🚀",[Sticker] walaupun kami jarang merayakan ulang tahun tapi kami juga pengen panjang umur buu🙏,2,1777444716,Negatif,"Kritik, penolakan, keluhan, atau sarkasme terhadap isi pernyataan/solusi",0.82,Tidak
584,211823.1,delaaaaa0.0,kalo sekosong ini gua juga bisa jadi mentri,2,1777444688,Negatif,"Kritik, penolakan, keluhan, atau sarkasme terhadap isi pernyataan/solusi",0.82,Tidak
585,nisaanisa99284,nisaanisa99284,pengumuman yng aneh,2,1777444807,Netral,Komentar umum atau ambigu tanpa sentimen eksplisit,0.6,Ya
586,dk_qn1269,theo,"Bahkan di dunia yang singkat ini, kami mau di persingkat lagi oleh aturan.",2,1777441076,Netral,Komentar umum atau ambigu tanpa sentimen eksplisit,0.6,Ya
587,saepudin_.12,Saepudin,menteri ga jelassss,2,1777440539,Negatif,"Kritik, penolakan, keluhan, atau sarkasme terhadap isi pernyataan/solusi",0.82,Tidak
588,nand0lll1,Nandol,mikir kids,2,1777440390,Negatif,"Kritik, penolakan, keluhan, atau sarkasme terhadap isi pernyataan/solusi",0.82,Tidak
589,toktokeya,akane,sepakat,2,1777439642,Positif,"Dukungan, persetujuan, atau afirmasi literal",0.76,Tidak
590,bang.dn9,￴￴￴￴￴￴,[Sticker] ya ya ya aku kuat aku hebat🗿,2,1777439184,Negatif,Humor/sarkasme yang cenderung mengkritik isi pernyataan,0.68,Ya
591,febyayuanryd,febyaaa,"repot bu, belum kalo keretanya kadang 8 gerbong kadang 10 kadang 12, trs kita harus nebak2 bagian tengah gerbongnya ada dimana? kadang udah diri diujung taunya 8 gerbong kita masih harus lari2an kejar keretanya bu puntennn🙏",2,1777439134,Negatif,"Kritik, penolakan, keluhan, atau sarkasme terhadap isi pernyataan/solusi",0.82,Tidak
592,azzam.azzamdaop5,ZAMzZ🚂,"yang punya PT siapa
yang ngatur siapa",2,1777438983,Netral,Pertanyaan atau komentar belum menunjukkan polaritas jelas,0.65,Ya
593,nescafesragenwetan,Nesragenwetan😎✌🏻,walaupun kita laki 2 jarang di rayakan kuat dalam cuaca apapun juga mau umur panjang 😭,2,1777438718,Negatif,"Kritik, penolakan, keluhan, atau sarkasme terhadap isi pernyataan/solusi",0.82,Tidak
594,empeha7,MPH Clipper,YAA ALLOH 🤲 semaoga saya dipertemukan ibu ini di tempat sepi .. AAMIIN,2,1777438290,Netral,Komentar umum atau ambigu tanpa sentimen eksplisit,0.6,Ya
595,citraab1978,CITRAAB,JAMINAN KESELAMATAN APAKAH ADA????,2,1777438166,Negatif,"Kritik, penolakan, keluhan, atau sarkasme terhadap isi pernyataan/solusi",0.82,Tidak
596,user50511566,obie,"bukannya cari solusi, malah ganti formasi su",2,1777437753,Negatif,"Kritik, penolakan, keluhan, atau sarkasme terhadap isi pernyataan/solusi",0.82,Tidak
597,yooblue7,🅈🄾🄾-🄱🄻🅄🄴,[Sticker] Untungnya Ada AHM,2,1777437631,Netral,Komentar umum atau ambigu tanpa sentimen eksplisit,0.6,Ya
598,jovan03_,hello jo 03,tesnya ordal kah kog solusinya kek gini????,2,1777436800,Netral,Pertanyaan atau komentar belum menunjukkan polaritas jelas,0.65,Ya
599,user9472920618715,firda,"mau laki maupun perempuan itu sama"" nyawa Bu,yg perlu di evaluasi sistem jalurnya kreta ya apakan harus ada petugas setiap titik perluntasan",2,1777436574,Negatif,"Kritik, penolakan, keluhan, atau sarkasme terhadap isi pernyataan/solusi",0.82,Tidak
600,user959671025,AXEL S,macem mana na maju ni negara kualitas mentri begini. bu cari solusi supaya gk ada. korban bkn ganti korban,2,1777435227,Negatif,"Kritik, penolakan, keluhan, atau sarkasme terhadap isi pernyataan/solusi",0.82,Tidak
601,kepinn_666,kepin666 🔰,"kalo saran saya sih, depan dan belakang buat ibu sekeluarga, saya masinisnya",2,1777435232,Negatif,"Kritik, penolakan, keluhan, atau sarkasme terhadap isi pernyataan/solusi",0.82,Tidak
602,nisa55270,NISSA M.P,"klw bisa usul gimna klw gerbong yg blakang buat barang aja Buk , jgn gerbong buat penumpang
😭😭🙏🙏",2,1777434161,Negatif,Humor/sarkasme yang cenderung mengkritik isi pernyataan,0.68,Ya
603,ailamus,Ailamus,mending depan dan belakang itu taruh bubble wrap bu ya biar aman,2,1777433668,Negatif,"Kritik, penolakan, keluhan, atau sarkasme terhadap isi pernyataan/solusi",0.82,Tidak
604,pijat_panggilan3,alone,"ya ampun solusi nya berilian bgt,,,cerdas bgt ibu menteri ,mau tanya donk ko bisa lolos jadi menteri",2,1777432491,Negatif,"Kritik, penolakan, keluhan, atau sarkasme terhadap isi pernyataan/solusi",0.82,Tidak
605,andien_ruhaaaay,ruhaaaaaay🦋,Gerbong depan sama gerbong belakang di isi bubble wrap aja 😭😭😭,2,1777431508,Negatif,"Kritik, penolakan, keluhan, atau sarkasme terhadap isi pernyataan/solusi",0.82,Tidak
606,viinnn_16,Vin,pake formasi 3-4-2-1 aja buu,2,1777431384,Negatif,"Kritik, penolakan, keluhan, atau sarkasme terhadap isi pernyataan/solusi",0.82,Tidak
607,setetesnyalawahid,Govinda,Wooow pemikiran dan solusi serta inovasi ibu ini sungguh OUT OF THE BOX. Tidak pernah terpikirkan sebelumnya. Hanya orang cerdas yang mampu memikirkan solusi seperti ini. 👏🏻👏🏻👏🏻👏🏻👏🏻,2,1777431336,Negatif,"Kritik, penolakan, keluhan, atau sarkasme terhadap isi pernyataan/solusi",0.82,Tidak
608,aditapidolkenn,Adipati,Dikira kita punya immortal,2,1777431208,Negatif,"Kritik, penolakan, keluhan, atau sarkasme terhadap isi pernyataan/solusi",0.82,Tidak
609,ingaa25_,ingaaa 🍒,Mau beliin suamiku gamis dulu 😌,2,1777430960,Netral,Komentar umum atau ambigu tanpa sentimen eksplisit,0.6,Ya
610,zaen_ahmmad10,zaen ahmad,yang di pikirkan bukan depan belakang nya lah pikirkan sistem ke amanan nya biar tidak terjadi kecelakan bukan ngurusin tempat duduk🗿,2,1777430815,Negatif,"Kritik, penolakan, keluhan, atau sarkasme terhadap isi pernyataan/solusi",0.82,Tidak
611,bonifasius838,bOniFAsiuS BONIE,hidup di Indonesia itu berasa ulang tahun tapi dirayakan setiap hari .. selalu aja bangun tidur di beri surprise sama pemerintah .. makasih lho kesayangan .,2,1777430743,Negatif,"Kritik, penolakan, keluhan, atau sarkasme terhadap isi pernyataan/solusi",0.82,Tidak
612,desaal0,Sala,"kita emang paling suka di jepit,tapi bukan dijepit kereta juga 😭",2,1777430232,Negatif,"Kritik, penolakan, keluhan, atau sarkasme terhadap isi pernyataan/solusi",0.82,Tidak
613,ilhamzakaria_05,ilhmzkria.,[Sticker] gimana para saksi?,2,1777429317,Netral,Pertanyaan atau komentar belum menunjukkan polaritas jelas,0.65,Ya
614,fianpratamaputra0,Fiian,"kita laki jarang banget ngerayain ulang taun, tapi kami juga pengen umur panjang bu 🥲",2,1777429053,Negatif,"Kritik, penolakan, keluhan, atau sarkasme terhadap isi pernyataan/solusi",0.82,Tidak
615,_raditya82,_RA_,Sepakat,2,1777426735,Positif,"Dukungan, persetujuan, atau afirmasi literal",0.76,Tidak
616,namira3527,ميرا جولي نوفيانتي✨,"yah bu namanya musibah ma ngak ada yg tau,bukan masalah tempatnya,mana ada orang yg mau kena musibah bu",2,1777426121,Negatif,"Kritik, penolakan, keluhan, atau sarkasme terhadap isi pernyataan/solusi",0.82,Tidak
617,alkautsar72,Al-kautsar,yg salah yg nanya bukan yg jawab yaaa😳,2,1777426063,Netral,Komentar umum atau ambigu tanpa sentimen eksplisit,0.6,Ya
618,mati_tanam1123,Nainggolan,menteri apa ini ya Tuhan Ku..😭😭😭😭😭TOLONGGGGGGGGGG.,2,1777425299,Negatif,"Kritik, penolakan, keluhan, atau sarkasme terhadap isi pernyataan/solusi",0.82,Tidak
619,meikjjd,meki,"Setiap manusia memiliki hak hidup yang sama tanpa pengecualian. Hal ini secara tegas dijamin dalam Undang-Undang Dasar 1945, khususnya Pasal 28A yang menyatakan bahwa “Setiap orang berhak untuk hidup serta berhak mempertahankan hidup dan kehidupannya.” Selain itu, Pasal 28D ayat (1) juga menegaskan bahwa setiap orang berhak atas pengakuan, jaminan, perlindungan, dan kepastian hukum yang adil serta perlakuan yang sama di hadapan hukum.
Berdasarkan hal tersebut, tidak seharusnya ada kebijakan yang terkesan membedakan nilai keselamatan antara satu kelompok dengan kelompok lainnya, baik itu laki-laki maupun perempuan. Dalam situasi yang menyangkut keselamatan jiwa, seluruh manusia memiliki hak yang setara untuk dilindungi tanpa adanya prioritas yang dapat menimbulkan kesan bahwa satu nyawa lebih penting dibanding yang lain.
Meskipun tujuan perlindungan terhadap perempuan dapat dipahami dari sisi sosial dan keamanan, kebijakan publik tetap harus mempertimbangkan prinsip keadilan yang menyeluruh. Perlindungan tidak boleh mengarah pada perlakuan yang menimbulkan ketimpangan dalam hak dasar, terutama hak untuk hidup yang bersifat mutlak dan tidak tergantikan.
Oleh karena itu, setiap kebijakan seharusnya dirancang secara hati-hati, berbasis data, serta mempertimbangkan keselamatan seluruh penumpang tanpa terkecuali, sehingga nilai keadilan dan kemanusiaan tetap terjaga sesuai dengan amanat konstitusi.",2,1777425280,Negatif,"Kritik, penolakan, keluhan, atau sarkasme terhadap isi pernyataan/solusi",0.82,Tidak
620,ai.fachri,Aiii,"evaluasi tuh dari systemnya, komunikasinya,",2,1777425026,Negatif,"Kritik, penolakan, keluhan, atau sarkasme terhadap isi pernyataan/solusi",0.82,Tidak
621,mikell.chr,KELL,[Sticker] walau pun kami jarang di rayakan paling tidak kami juga mau panjang umur,2,1777423217,Negatif,"Kritik, penolakan, keluhan, atau sarkasme terhadap isi pernyataan/solusi",0.82,Tidak
622,dapur_tasikk,Dapur tasik,"Bu, pas Ibu mikirin solusi Ibu lagi kesel sama suami Ibu apa gimana? 😭",2,1777422474,Negatif,"Kritik, penolakan, keluhan, atau sarkasme terhadap isi pernyataan/solusi",0.82,Tidak
623,pualillinazriel,AzrielPualillinmh,ini AI yah?😆,2,1777422146,Netral,Pertanyaan atau komentar belum menunjukkan polaritas jelas,0.65,Ya
624,scorp_1220,~MasT,"Mengurangi Korban❌
Mengganti Korban✅
😌😌",2,1777421172,Negatif,"Kritik, penolakan, keluhan, atau sarkasme terhadap isi pernyataan/solusi",0.82,Tidak
625,yakbe02,Yakbe,lah ketinggalan 1 nih pak yg hrs di reshuffle,2,1777421164,Netral,Komentar umum atau ambigu tanpa sentimen eksplisit,0.6,Ya
626,raflayy_a,raflyy,Pov : saat presentasi tpi tidak belajar dulu,2,1777419268,Netral,Komentar umum atau ambigu tanpa sentimen eksplisit,0.6,Ya
627,christianmelodiest1,Penyembah Lucifer,"ngomong yang penting ❌
yang penting ngomong ✅",2,1777418600,Negatif,"Kritik, penolakan, keluhan, atau sarkasme terhadap isi pernyataan/solusi",0.82,Tidak
628,satu4642,saTu,"Ya Allah aku sebagai laki² yang setiap hari kerja menggunakan krl merasa tidak dihargai banget dengan alasan seperti itu, padahal nyawa aku bukan hanya milikku tapi milik istriku, milik anakku dan milik orang tuaku",2,1777417431,Negatif,"Kritik, penolakan, keluhan, atau sarkasme terhadap isi pernyataan/solusi",0.82,Tidak
629,masjepi8,Mas Jep Security 🔦,"tolong lah jngan di ACC,saya belum nikah ini buk😌🥺",2,1777417322,Netral,Komentar umum atau ambigu tanpa sentimen eksplisit,0.6,Ya
630,rofin356,rofin M,[Sticker] Bukannya mengurangi eh mala ganti korban,2,1777416721,Negatif,"Kritik, penolakan, keluhan, atau sarkasme terhadap isi pernyataan/solusi",0.82,Tidak
631,alkhazio,Pria Dewasa,seumpama ini mah ya. musibah tiba-tiba datang dari atas entah pesawat jatuh kena gerbong tengah. apa nanti akan di rolling lagi posisinya. gimana coba,2,1777415381,Negatif,"Kritik, penolakan, keluhan, atau sarkasme terhadap isi pernyataan/solusi",0.82,Tidak
632,rohimdarkam,Nur Cahaya@99,kenapa gak di kasih gerbong tambahan 3 aja di belakang gerbong khusus untuk meminimalisir jika terjadi kecelakaan sprti yg sdh terjadi saat ini? bukan malah tukeran posisi penumpang blkng hihihi.... 🙏🙏,2,1777413132,Negatif,"Kritik, penolakan, keluhan, atau sarkasme terhadap isi pernyataan/solusi",0.82,Tidak
633,sarenabay,seranabay,[Sticker] cowo pas mendengar ini :,2,1777412962,Negatif,"Kritik, penolakan, keluhan, atau sarkasme terhadap isi pernyataan/solusi",0.82,Tidak
634,doniikris__,ドニ,"diminta cari solusi, malah ganti formasi 🗿",2,1777412617,Negatif,"Kritik, penolakan, keluhan, atau sarkasme terhadap isi pernyataan/solusi",0.82,Tidak
635,rei_kitaro8,きたろ,"bukanya ngasih solusi, malah ubah formasi",2,1777411889,Negatif,"Kritik, penolakan, keluhan, atau sarkasme terhadap isi pernyataan/solusi",0.82,Tidak
636,achmadriyadhi.n,achmadriyadhi.n,"[Sticker] NGOMONG PENTING❎
YANG PENTING NGOMONG✅",2,1777410826,Negatif,"Kritik, penolakan, keluhan, atau sarkasme terhadap isi pernyataan/solusi",0.82,Tidak
637,sona_setiaone,•S O N A •,"aman bu kmi bisa gonta ganti item imo, winter, rosegold🗿",2,1777408411,Negatif,"Kritik, penolakan, keluhan, atau sarkasme terhadap isi pernyataan/solusi",0.82,Tidak
638,panembahan_0,Syanng allunn,menteri jaman sekarang ngomong dulu baru mikir😭,2,1777407690,Negatif,"Kritik, penolakan, keluhan, atau sarkasme terhadap isi pernyataan/solusi",0.82,Tidak
639,domikass12,Dimas Andika,"udh tenang, mandor ma kuat",2,1777404993,Netral,Komentar umum atau ambigu tanpa sentimen eksplisit,0.6,Ya
640,_aacill,acil,kok SOLUSI,2,1777402773,Netral,Komentar terlalu singkat/ambigu untuk polaritas kuat,0.7,Ya
641,muham4dhaekal,K,sekelas menteri pemikirannya kaya gini😭,2,1777402261,Negatif,"Kritik, penolakan, keluhan, atau sarkasme terhadap isi pernyataan/solusi",0.82,Tidak
642,ultramilkpinc,a,"keanya ibunya suka nonton Spiderman deh, jadi terinspirasi hehe",2,1777401812,Negatif,"Kritik, penolakan, keluhan, atau sarkasme terhadap isi pernyataan/solusi",0.82,Tidak
643,malik_2517,MLQ..Egyptian student,dangkal bnr pemikirannya,2,1777401541,Negatif,"Kritik, penolakan, keluhan, atau sarkasme terhadap isi pernyataan/solusi",0.82,Tidak
644,wiku_wikwik,SamawaDecoration,kalo bisa gerbong depan belakang ga usah di pasang,2,1777401319,Negatif,"Kritik, penolakan, keluhan, atau sarkasme terhadap isi pernyataan/solusi",0.82,Tidak
645,bagus.adi496,eaaaaaaaa,sepakat,2,1777400852,Positif,"Dukungan, persetujuan, atau afirmasi literal",0.76,Tidak
646,user9926822444093,ELSA🌺,saran buk.. lebih tepat nyaa gerbong belakang untuk barang barang aja buk,2,1777398723,Netral,Komentar umum atau ambigu tanpa sentimen eksplisit,0.6,Ya
647,afterlife889,ibrahim,Biarpun ditaruh tengah depan belakang kalau sudah waktunya tiba emang bisa dihindari bu??? Gemes deh sama usulan ibu ini 👋,2,1777398226,Negatif,"Kritik, penolakan, keluhan, atau sarkasme terhadap isi pernyataan/solusi",0.82,Tidak
648,soccerway65,motivasion pro,"Udah bener tidur tadi Bu ini👍, eh malah di interview ..",2,1777397261,Negatif,"Kritik, penolakan, keluhan, atau sarkasme terhadap isi pernyataan/solusi",0.82,Tidak
649,basofidoms,Susah_diatur,harusnya yg duduk belakang dan depan itu pejabat saja,2,1777397190,Negatif,"Kritik, penolakan, keluhan, atau sarkasme terhadap isi pernyataan/solusi",0.82,Tidak
650,queen_pisces28,♓️,diganti patung aja bisa ga,2,1777395556,Netral,Komentar umum atau ambigu tanpa sentimen eksplisit,0.6,Ya
651,daniel_thunder,Daniel_Thunder,Boleh gak yg paling belakang itu Kepala BGN dan Gub Kaltim.,2,1777395479,Negatif,"Kritik, penolakan, keluhan, atau sarkasme terhadap isi pernyataan/solusi",0.82,Tidak
652,rchyshsysys,Riantignting,"Gerbang belakang & dpn , hulk, iron man, thor , dll😩",2,1777394541,Negatif,"Kritik, penolakan, keluhan, atau sarkasme terhadap isi pernyataan/solusi",0.82,Tidak
653,fachrizkyyyy,riski lop ayam geprek,oke bu ntar beli immortal dulu,2,1777394293,Negatif,"Kritik, penolakan, keluhan, atau sarkasme terhadap isi pernyataan/solusi",0.82,Tidak
654,mendoanmeqdi,Ultramen Beng Beng,[Sticker] Tidak fantats,2,1777393936,Netral,Komentar umum atau ambigu tanpa sentimen eksplisit,0.6,Ya
655,arifismaill,Arif_🦊,ini mah bukan ngasih solusi jalan keluar tapi jalan buntu😭😭😭😭,2,1777393284,Negatif,"Kritik, penolakan, keluhan, atau sarkasme terhadap isi pernyataan/solusi",0.82,Tidak
656,mhmdbais4,Baissshop,[Sticker] ibu ini beneran😭,2,1777393139,Negatif,Humor/sarkasme yang cenderung mengkritik isi pernyataan,0.68,Ya
657,putra07811,Mas. A,Bingung ahh mau komen apaa😂 terserah diaa😭,2,1777391892,Negatif,"Kritik, penolakan, keluhan, atau sarkasme terhadap isi pernyataan/solusi",0.82,Tidak
658,mahendra_421,alex,"kita juga manusia buu , bukan bajaa 😓",2,1777391085,Negatif,"Kritik, penolakan, keluhan, atau sarkasme terhadap isi pernyataan/solusi",0.82,Tidak
659,iqbllea,ball,kalo ini gua ga sepakat,2,1777390023,Negatif,"Kritik, penolakan, keluhan, atau sarkasme terhadap isi pernyataan/solusi",0.82,Tidak
660,muhammadddrifaiii,2345,"Owalah, aman lah buk",2,1777390018,Netral,Komentar umum atau ambigu tanpa sentimen eksplisit,0.6,Ya
661,tasyyaauliaa_,tasyaa,bener bener dong o,2,1777389645,Negatif,"Kritik, penolakan, keluhan, atau sarkasme terhadap isi pernyataan/solusi",0.82,Tidak
662,abdul.rosyid0178,Jinbun,hebat betul cara berpikirnya ibu ini..sampai bulu kaki saya merinding,2,1777388728,Netral,Komentar umum atau ambigu tanpa sentimen eksplisit,0.6,Ya
663,bellll361,bellll361,mana suaranya mentri PLPB ( mentri pemberdayaan laki laki dan perlindungan bapak bapak)😭,2,1777388039,Negatif,"Kritik, penolakan, keluhan, atau sarkasme terhadap isi pernyataan/solusi",0.82,Tidak
664,faudzi_hamdani,DANI,Sepakat bu.👍🏼,2,1777387887,Netral,Komentar umum atau ambigu tanpa sentimen eksplisit,0.6,Ya
665,iqqballmaulana,Bals,Kalo menurut gua jarak palang agak jauhan sama rel trus kasi lampu merah di setiap palang,2,1777387775,Netral,Komentar umum atau ambigu tanpa sentimen eksplisit,0.6,Ya
666,abdul.latif6853,Abdul Latif,mungkin gerbong belakang dan depan di bikin lebih kuat dan tahan benturan.,2,1777387738,Negatif,"Kritik, penolakan, keluhan, atau sarkasme terhadap isi pernyataan/solusi",0.82,Tidak
667,adiguna307,adiguna,[Sticker],2,1777387726,Netral,Tidak ada opini jelas/komentar hanya sticker atau observasi,0.85,Tidak
668,teman.coffe.mgt,Teman Coffee MagetanXDimsum.Me,tidak sepakat blok,2,1777386713,Negatif,"Kritik, penolakan, keluhan, atau sarkasme terhadap isi pernyataan/solusi",0.82,Tidak
669,bayangan_kecil,IDDHAM║▌✿,"mau depan mau belakang sama aja sih.menurut ku kasih gerbong kosong saja 1 atau 2 kan. kereta kan panjang jadi kalo ada apa apa dibelakang mau didepan dia bakal ngelewati gerbong kosong dulu.
maaf ini menurut ku saja🙏",2,1777386664,Negatif,"Kritik, penolakan, keluhan, atau sarkasme terhadap isi pernyataan/solusi",0.82,Tidak
670,anasia_alamanda,Annisa,"semua orang punya hak yang sama Bu,,mungkin lebih tepatnya, sedikit di improve Bu material gerbong kereta bagian depan dan belakang, mungkin kualitas bajanya lebih kuat, sehingga kalau ada benturan ( mudah2n tidak terjadi lagi ) bisa diminimalisir 🙏,",2,1777386276,Negatif,"Kritik, penolakan, keluhan, atau sarkasme terhadap isi pernyataan/solusi",0.82,Tidak
671,stourssh,arieeys,baju ijo lagi 🥰,2,1777385944,Netral,Komentar umum atau ambigu tanpa sentimen eksplisit,0.6,Ya
672,riajambakk,Riaaaaa,"Ibu mentri yang terhormatt, tolong banget bu jangan asbun mengganti gerbong kereta bukan sebuah solusi yang tepat untuk disampaikan. Kalau digerbang belakang laki2 apakah laki2 akan berubah menjadi spiderman tidak akan mati bisa terbang sendiri dan punya nyawa 9. Apakah kalau gerbang wanita diganti ketengah solusi kecelakaan kereta akan teratasi? Ini bu saya bantu jawabin bisa ibu contek.
Berdasarkan kejadian tersebut, kami bersama pihak terkait sedang melakukan evaluasi menyeluruh dan diskusi lintas sektor untuk menganalisis penyebab kecelakaan serta menyusun langkah preventif ke depan. Beberapa upaya yang perlu segera dilakukan antara lain:
1. Mengevaluasi kembali seluruh jalur perlintasan kereta yang belum memiliki palang pintu atau yang palangnya rusak, agar segera diperbaiki dan difungsikan dengan optimal.
2. Mengimbau para pengguna mobil listrik agar lebih mawas diri terhadap kondisi baterai dan sistem kendaraan, terutama saat melintas di perlintasan kereta.
3. Berkoordinasi dengan pihak produsen dan instansi terkait untuk meng-upgrade fitur keselamatan, khususnya sistem roda terkunci pada mobil listrik yang berpotensi membahayakan saat kondisi darurat.
4. Mengajak kepolisian serta masyarakat untuk lebih aktif menjaga disiplin dan pengawasan di area palang pintu perlintasan kereta.
ini contoh yaaa bu, bisa ditambahkan lagii. Ibarat lagi sakit kepala terus solusinya pindahin kepalanya ke kaki. Capee deeeh.. mimin tolong dibantu reminderr dong mentri2nyaaa @gerindra",2,1777385781,Negatif,"Kritik, penolakan, keluhan, atau sarkasme terhadap isi pernyataan/solusi",0.82,Tidak
673,kemengdeng,anti madrid MU!!!,sepakat,2,1777385099,Positif,"Dukungan, persetujuan, atau afirmasi literal",0.76,Tidak
674,akun_baru669,Ruscing,"""Sepakat""😭",2,1777384108,Negatif,Humor/sarkasme yang cenderung mengkritik isi pernyataan,0.68,Ya
675,oteee41,Pantherrr,@キブン @kulkul,2,1777383791,Netral,Komentar umum atau ambigu tanpa sentimen eksplisit,0.6,Ya
676,hanzow102,Hanziro,Mengurangi korban❎️Mengganti korban✅️,2,1777382780,Negatif,"Kritik, penolakan, keluhan, atau sarkasme terhadap isi pernyataan/solusi",0.82,Tidak
677,chocolateenak006,Riana,"Jgn bgtu jln keluar nya bu 🙈 tp d benahi lg lintasan kereta api nya,, d jaga ketat spy tdk ada yg menyerobot antrian, atau gimana gitu",2,1777381759,Netral,Pertanyaan atau komentar belum menunjukkan polaritas jelas,0.65,Ya
678,princessayy_,princessayy_,kenapa 2 gerbong belakang dan 2 gerbong utama ga di buat kosong aja ? atau jadi ruang khusus apa gitu. kalau dr saran ibu ini sorrrryyy menurut ku sama aja yaa gaada perubahan nya🥺,2,1777381749,Netral,Pertanyaan atau komentar belum menunjukkan polaritas jelas,0.65,Ya
679,sogaalqassam,SoG@,jawabannya bukan solusi,2,1777381285,Negatif,"Kritik, penolakan, keluhan, atau sarkasme terhadap isi pernyataan/solusi",0.82,Tidak
680,bobon_sat,bobon_sat,ada kereta akan melintas namun jalur belum steril kok yg dievaluasi malah posisi gerbong,2,1777380522,Negatif,"Kritik, penolakan, keluhan, atau sarkasme terhadap isi pernyataan/solusi",0.82,Tidak
681,wutrulookingatbeach,unknown,jujur gw nangis liat hal ini.,2,1777380129,Netral,Komentar umum atau ambigu tanpa sentimen eksplisit,0.6,Ya
682,yunitanugroho86,d'p@!J•,ganti masinisnya dng spiderman aman kok pernah liat di film,2,1777379962,Negatif,"Kritik, penolakan, keluhan, atau sarkasme terhadap isi pernyataan/solusi",0.82,Tidak
683,fitari_12,mpok pit,"coba dong jgn kasih usulan utk KAI nya tapi kasih usulan utk pengguna jalan di luar rel nya,bukan KAI yg memahami warga tapi warga yg harus memahami KAI karena jalur dan sistemnya sdh terstruktur klo tidak di ganggu tdk mungkin ada gangguan dr KAI 😭😭😭",2,1777379431,Negatif,"Kritik, penolakan, keluhan, atau sarkasme terhadap isi pernyataan/solusi",0.82,Tidak
684,its.dimat,MR. Moon,"Maksudnya mau tukar korban?? Tolong lah kalo ngasih masukan yang masuk di akal, bukannya malah jadi parodi kayak gini.",2,1777379157,Negatif,"Kritik, penolakan, keluhan, atau sarkasme terhadap isi pernyataan/solusi",0.82,Tidak
685,marsyel136,aditya pratama,harusnya solusinya gini kasih GERBONG KOSONG di belakang untuk mencegah hal seperti ini terulang lagi,2,1777378498,Negatif,"Kritik, penolakan, keluhan, atau sarkasme terhadap isi pernyataan/solusi",0.82,Tidak
686,bryandf12,Bryand Firmando Hosea,mentri apa ngomog ngaco,2,1777377866,Negatif,"Kritik, penolakan, keluhan, atau sarkasme terhadap isi pernyataan/solusi",0.82,Tidak
687,paannz_,Ownernya Xelennn.,[Sticker],2,1777376430,Netral,Tidak ada opini jelas/komentar hanya sticker atau observasi,0.85,Tidak
688,crz_220,@Harizz_CRz,Usulan lbih baik Gerbong paling belakang kosong kusus buat Generatorr. itu pasti aman.,2,1777376018,Netral,Komentar umum atau ambigu tanpa sentimen eksplisit,0.6,Ya
689,mgt_erick13,mgt_erick13,Solusi dari pejabat wowo mang asbun,2,1777375914,Negatif,"Kritik, penolakan, keluhan, atau sarkasme terhadap isi pernyataan/solusi",0.82,Tidak
690,diyasrf3,Diyasrf,"yang di salahin tuh bukan posisi gerbong bu tapi sistem sinya kai yang eror, dan fokus juga pelatihan terhadap sopir taxi mobil listrik",2,1777375727,Negatif,"Kritik, penolakan, keluhan, atau sarkasme terhadap isi pernyataan/solusi",0.82,Tidak
691,nanangngrengket,Nanang,kenapa gk mengurangi gerbong aja jumlah 2 gerbong. 1gerbong barang belakannya,2,1777373324,Netral,Komentar umum atau ambigu tanpa sentimen eksplisit,0.6,Ya
692,uilliamoratmangoen,Uilliam Oratmangoen,ya Allah sekelas menteri loh ini... 😳,2,1777373299,Negatif,"Kritik, penolakan, keluhan, atau sarkasme terhadap isi pernyataan/solusi",0.82,Tidak
693,siambyaarr_,sipalingpaling,"tujuanya apa dah bu,srius nanya inimah😂🙏",2,1777372438,Negatif,Humor/sarkasme yang cenderung mengkritik isi pernyataan,0.68,Ya
694,thealbans2,TheAlbans,"ide dadakan ini, kaget tiba2 ditanya2 wartawan 🤣",2,1777372327,Negatif,Humor/sarkasme yang cenderung mengkritik isi pernyataan,0.68,Ya
695,bylnavyie._,oktober,gimana klo buat gerbang depan dan belakang nya kompak pake baju besi anti bentur ???,2,1777372117,Negatif,"Kritik, penolakan, keluhan, atau sarkasme terhadap isi pernyataan/solusi",0.82,Tidak
696,dicky_ramdoni,Dr,harus ibu kasih solusi tidak ada kecelakaan LG. bukan ganti korban,2,1777371005,Negatif,"Kritik, penolakan, keluhan, atau sarkasme terhadap isi pernyataan/solusi",0.82,Tidak
697,alexander.bhitax,𝘼𝙡𝙚𝙭_𝙩𝙬𝙚𝙣𝙩𝙮05,"𝙔𝙜 𝙨𝙖𝙮𝙖 𝙩𝙖𝙣𝙮𝙖, 𝙢𝙖𝙠𝙨𝙪𝙙 𝙙𝙖𝙧𝙞 𝙪𝙨𝙪𝙡𝙖𝙣 𝙞𝙗𝙪 𝙖𝙥𝙖?? 𝙚𝙢𝙖𝙣𝙜 𝙗𝙚𝙙𝙖𝙣𝙮𝙖 𝙖𝙥𝙖? 𝙘𝙪𝙢𝙖 𝙢𝙚𝙣𝙜𝙜𝙖𝙣𝙩𝙞 𝙥𝙤𝙨𝙞𝙨𝙞 𝙙𝙚𝙥𝙖𝙣 𝙩𝙚𝙣𝙜𝙖𝙝 𝙗𝙚𝙡𝙖𝙠𝙖𝙣𝙜?? 𝙞𝙣𝙞 𝙖𝙥𝙖 𝙨𝙞𝙝? 𝙨𝙤𝙡𝙪𝙨𝙞? 𝙖𝙣𝙩𝙞𝙨𝙞𝙥𝙖𝙨𝙞? 𝙖𝙩𝙖𝙪 𝙖𝙥𝙖? 𝙨𝙪𝙢𝙥𝙖𝙝 𝙜𝙖𝙠 𝙥𝙚𝙣𝙩𝙞𝙣𝙜 𝙗𝙖𝙣𝙜𝙚𝙩",2,1777370376,Netral,Pertanyaan atau komentar belum menunjukkan polaritas jelas,0.65,Ya
698,putricta80,putri anisa khairunia,konsepnya gini ganti gerbong depan belakang dengan gerbong penyelamat. konsepnya sama kaya kaya gerbong penahan benturan gerbong ini jangan di isi kaya gerbong barang,2,1777370375,Negatif,"Kritik, penolakan, keluhan, atau sarkasme terhadap isi pernyataan/solusi",0.82,Tidak
699,itsadii____,udayy,"loh daripada gitu mending gerbong depan dan belakang itu diisi buat barang/benda kiriman, jadi semuanya selamat ga cuma perempuan aja tapi lelaki juga punya hak buat selamat😔😔😔",2,1777370366,Negatif,"Kritik, penolakan, keluhan, atau sarkasme terhadap isi pernyataan/solusi",0.82,Tidak
700,jaykur_8,jaykur_8,ko CERDAS solusinya,2,1777369829,Negatif,"Kritik, penolakan, keluhan, atau sarkasme terhadap isi pernyataan/solusi",0.82,Tidak
701,centauromachy,Solivagant,"yang perlu diganti itu PRASARANANYA, kereta GoA 0 masih aja dipake, gaada safety buffernya",2,1777369089,Negatif,"Kritik, penolakan, keluhan, atau sarkasme terhadap isi pernyataan/solusi",0.82,Tidak
702,santayosiphinfm,MFYS25,"kalau udah musibah dan naas, ga kenal lagi posisi dimana yg paling aman😭😭😭😭😭😭😭",2,1777368169,Negatif,"Kritik, penolakan, keluhan, atau sarkasme terhadap isi pernyataan/solusi",0.82,Tidak
703,qqxxxc,Matthew,"Tengah ntar kena, suruh taruh ke atas bu 🤣🤣🤣. Bukan gitu seharusnya jawabannya. Kasih solusi yg lain lah misal signal nya jgn error mulu, atau fasilitas yg lain",2,1777367380,Negatif,"Kritik, penolakan, keluhan, atau sarkasme terhadap isi pernyataan/solusi",0.82,Tidak
704,roti.regal,teh_Telang☑️,"[Sticker] maksudnya, kita yg di tumbalkan biar jadi tameng gitu?",2,1777366522,Negatif,"Kritik, penolakan, keluhan, atau sarkasme terhadap isi pernyataan/solusi",0.82,Tidak
705,dejajanan,Delish,gerbong wnt diujung biar lebih mudah ngenalin gerbomgmya. krn kereta berbeda² jumlah gerbongmya jd klo ditaro di gerbong tengah hrs ngitung sama ingetin posisi ketika diperon.,2,1777366211,Negatif,"Kritik, penolakan, keluhan, atau sarkasme terhadap isi pernyataan/solusi",0.82,Tidak
706,sandzzero,SANDZZERO,"usul dari saya , bikin gerbong kosong 1 paling belakang sama gerbong kosong paling depan , cuma ya kurang efektif , tapi setidaknya buat jaga-jaga kedepannya, maaf sebelumnya , jadi gerbong kosong itu buat tameng, kalo ada kejadian seperti ini 🙏",2,1777365476,Negatif,"Kritik, penolakan, keluhan, atau sarkasme terhadap isi pernyataan/solusi",0.82,Tidak
707,mhmdvito6,vito ananta,sekelas menteri kenapa ga bahas perihal evaluasi teknis atau evaluasi material kereta ya,2,1777364976,Negatif,"Kritik, penolakan, keluhan, atau sarkasme terhadap isi pernyataan/solusi",0.82,Tidak
708,jennnnn000005,Jenny∞,"sama aja itumah bukan jalan terbaik 😂 sama sama makan korban, kalo kata gw mah mending depan & belakang khusus kepala gerbong di isi khusus masinis atau khusus ruangan petugas kereta kaya security KRL.",2,1777363484,Negatif,"Kritik, penolakan, keluhan, atau sarkasme terhadap isi pernyataan/solusi",0.82,Tidak
709,bagus.riski8,Bagus riski,kok pada kaget sih menteri ngmng gini? bukannya ini hal biasa ya di kabinet Prabowo?,2,1777362375,Negatif,"Kritik, penolakan, keluhan, atau sarkasme terhadap isi pernyataan/solusi",0.82,Tidak
710,temenbaek,TemenBaek,Ini Menteri PPPA atau Menteri P'A?,2,1777361520,Negatif,"Kritik, penolakan, keluhan, atau sarkasme terhadap isi pernyataan/solusi",0.82,Tidak
711,fadielhakim,Fadil Hakim,[Sticker],2,1777360925,Netral,Tidak ada opini jelas/komentar hanya sticker atau observasi,0.85,Tidak
712,.arsaka06,Raf'kaAFHaraki,"mau di belakang/ di tengah yg namanya takdir kematian, apa ibu bisa jamin tengah lebih aman? tp yg penting bukan ubah posisi si, signal nya bu perbaiki,",2,1777359555,Negatif,"Kritik, penolakan, keluhan, atau sarkasme terhadap isi pernyataan/solusi",0.82,Tidak
713,rs0867,RS,"Pokoknya bunyi aja dulu Bu, Ibu sdh benar",2,1777359125,Netral,Komentar umum atau ambigu tanpa sentimen eksplisit,0.6,Ya
714,aira000990,ai29,trus laki2 yg mati gt? point nya bkn itu..sistem sinyal dan perlintasan diperbaiki..itu pointnya!,2,1777358357,Negatif,"Kritik, penolakan, keluhan, atau sarkasme terhadap isi pernyataan/solusi",0.82,Tidak
715,cbjuna1,CB JUNA,Bu maslhnya signal bu bukan yg lainya. Knpa signal kereta bisa terganggu tu mslhnya. KNKT baru bener jawabnya bukan Omon” Bu,2,1777356660,Negatif,"Kritik, penolakan, keluhan, atau sarkasme terhadap isi pernyataan/solusi",0.82,Tidak
716,bambangsetiawan1020,Bambang Setiawan,bukan solusi itu bu menteri....jadi menteri ko begitu pemikirannya😩,2,1777354461,Negatif,"Kritik, penolakan, keluhan, atau sarkasme terhadap isi pernyataan/solusi",0.82,Tidak
717,mg.flora,MG FLORA,sama aja laahh manusia jg yg bener gerbong depan belakang kosongin,2,1777354295,Negatif,"Kritik, penolakan, keluhan, atau sarkasme terhadap isi pernyataan/solusi",0.82,Tidak
718,setiawan211200,"""SagitariuS21""",yg pnting bunyi wlupun kosong......,2,1777382024,Netral,Komentar umum atau ambigu tanpa sentimen eksplisit,0.6,Ya
719,rissukayaping,unknown,ganti tempat apa ganti korban Bu?,1,1777975735,Negatif,"Kritik, penolakan, keluhan, atau sarkasme terhadap isi pernyataan/solusi",0.82,Tidak
720,nxgood7,``NX•GOOD``,TERUS MASININSNYA TARUH MANA BU??😏,1,1777957956,Netral,Pertanyaan atau komentar belum menunjukkan polaritas jelas,0.65,Ya
721,sutanrazak.almubarak,Sutan Razak,Sepakat,1,1777890344,Positif,"Dukungan, persetujuan, atau afirmasi literal",0.76,Tidak
722,mikzxx17,.,[Sticker] gini aja😹😹😹,1,1777816131,Negatif,"Kritik, penolakan, keluhan, atau sarkasme terhadap isi pernyataan/solusi",0.82,Tidak
723,lilansar2,sar,"pemisahan gerbon dengan alasan untuk kenyamanan interaksi mungkin bagus tapi kalau alasanya soal insiden, semua orang baik laki"" maupun perempuan memiliki hak hidup yang sama, jangan mala mau di korbankan salah satunya",1,1777810675,Negatif,"Kritik, penolakan, keluhan, atau sarkasme terhadap isi pernyataan/solusi",0.82,Tidak
724,lemon_lemonyay,★!LEGO PLATE[Candu Lego]¡★,"[Sticker] kita hanya minta solusi, bukan untuk ganti posisi",1,1777806638,Netral,Komentar umum atau ambigu tanpa sentimen eksplisit,0.6,Ya
725,donzkk1,DNX33,BEGINI BU,1,1777789088,Netral,Komentar terlalu singkat/ambigu untuk polaritas kuat,0.7,Ya
726,ailakunilang,Aill,[Sticker] lu aja,1,1777775977,Netral,Komentar terlalu singkat/ambigu untuk polaritas kuat,0.7,Ya
727,firlydwiafrizal1,MR F1RLI,ini mah bukan ganti farmasi ini nah gantian korban,1,1777772427,Negatif,"Kritik, penolakan, keluhan, atau sarkasme terhadap isi pernyataan/solusi",0.82,Tidak
728,cell.lyoner3,￴cell :o,[Sticker],1,1777730954,Netral,Tidak ada opini jelas/komentar hanya sticker atau observasi,0.85,Tidak
729,ricoula.azar,Rico,[Sticker] sepakat buuuu,1,1777715842,Positif,"Dukungan, persetujuan, atau afirmasi literal",0.76,Tidak
730,sulastri91231,arisxc,kalau bisa ibuk paling atas kereta biar enak dingin 👍,1,1777708596,Netral,Komentar umum atau ambigu tanpa sentimen eksplisit,0.6,Ya
731,raaelll.tzyy155,Rafzz🔥,dia berfikir kita Spiderman😹🗿🗿,1,1777706722,Negatif,"Kritik, penolakan, keluhan, atau sarkasme terhadap isi pernyataan/solusi",0.82,Tidak
732,ga.woddy,ガンツ 亗,[Sticker] gokil mana gokil,1,1777703880,Netral,Pertanyaan atau komentar belum menunjukkan polaritas jelas,0.65,Ya
733,bilal191015,Brave •ᵀᵃᵈᵈˡᵉ ᴸᵉᵍᵃᶜʸ,lu kira main bola ganti formasi,1,1777692344,Negatif,"Kritik, penolakan, keluhan, atau sarkasme terhadap isi pernyataan/solusi",0.82,Tidak
734,_dizzfuck,`Dendyy🦈,"disuruh minta solusi
malah ganti formasi",1,1777689373,Negatif,"Kritik, penolakan, keluhan, atau sarkasme terhadap isi pernyataan/solusi",0.82,Tidak
735,zayyin1409,Zayyin aj,disuruh nyari evaluasi malah ganti formasi🗿🗿,1,1777688118,Negatif,"Kritik, penolakan, keluhan, atau sarkasme terhadap isi pernyataan/solusi",0.82,Tidak
736,syahir.daniyal,Syahir Daniyal,[Sticker],1,1777686925,Netral,Tidak ada opini jelas/komentar hanya sticker atau observasi,0.85,Tidak
737,araycinxozv,Trazz,disuruh ngasih solusi malah ganti formasi,1,1777686407,Negatif,"Kritik, penolakan, keluhan, atau sarkasme terhadap isi pernyataan/solusi",0.82,Tidak
738,fardhnxsn,dandindunnn,plenger gini bisa jadi mentri heran gw,1,1777684673,Negatif,"Kritik, penolakan, keluhan, atau sarkasme terhadap isi pernyataan/solusi",0.82,Tidak
739,azkahanifal4,MANZZz,kita juga mau panjang umur BUUUUUUU,1,1777684366,Negatif,"Kritik, penolakan, keluhan, atau sarkasme terhadap isi pernyataan/solusi",0.82,Tidak
740,sirleight,ŘĂYMOND,[Sticker] suami ibunya:,1,1777683924,Negatif,"Kritik, penolakan, keluhan, atau sarkasme terhadap isi pernyataan/solusi",0.82,Tidak
741,ahk_itu_lagi,Alby💫,[Sticker] setuju.,1,1777683462,Netral,Komentar terlalu singkat/ambigu untuk polaritas kuat,0.7,Ya
742,ahmadedoapriansyah,A.Edoo._.,bro pikir 🗿,1,1777682167,Negatif,Humor/sarkasme yang cenderung mengkritik isi pernyataan,0.68,Ya
743,0719vuhai,武海 (Yangyi),KAMU DI RELL..,1,1777680064,Netral,Komentar umum atau ambigu tanpa sentimen eksplisit,0.6,Ya
744,sycandy_,"""jowinsycandy""...",no komen'😇😇,1,1777678718,Netral,Komentar terlalu singkat/ambigu untuk polaritas kuat,0.7,Ya
745,ninafafa_,UWAIS SAKHI,kui solusi opo neh Bu bu,1,1777659821,Netral,Komentar umum atau ambigu tanpa sentimen eksplisit,0.6,Ya
746,indrasatria539,Mas Indra satria,"itu aja pppa
kerjanya
menteri apa nie",1,1777652366,Negatif,"Kritik, penolakan, keluhan, atau sarkasme terhadap isi pernyataan/solusi",0.82,Tidak
747,tabithaangelica2,Tabitha Angelica,elu aja di tengah reeeellllll,1,1777644248,Negatif,"Kritik, penolakan, keluhan, atau sarkasme terhadap isi pernyataan/solusi",0.82,Tidak
748,yuu_huu77,pleng_errr🤪🤙,menurut saya knp tidak ada gerbong khusus barang atau apa gitu biar GK ada gerbong penumpang yg di belakang maaf ini saran saya🙏🙏🙏🙏,1,1777640798,Negatif,"Kritik, penolakan, keluhan, atau sarkasme terhadap isi pernyataan/solusi",0.82,Tidak
749,akhyar160,yar,[Sticker] udh siap ni buk🗿,1,1777628718,Negatif,Humor/sarkasme yang cenderung mengkritik isi pernyataan,0.68,Ya
750,aronaldgultom,aronald gultom,bu kita mau idup juga,1,1777622041,Netral,Komentar umum atau ambigu tanpa sentimen eksplisit,0.6,Ya
751,user092896021,Raja A.R,dimana pun sama saja KLO yg namanya musibah gak pilih tempat dan orang...,1,1777617735,Negatif,"Kritik, penolakan, keluhan, atau sarkasme terhadap isi pernyataan/solusi",0.82,Tidak
752,afied_nd,ApitAn,"yg ngmong ini mentri ya...?
kok bisa...? 😁",1,1777617522,Negatif,"Kritik, penolakan, keluhan, atau sarkasme terhadap isi pernyataan/solusi",0.82,Tidak
753,sinterrrr,spartacus,Aman aja buu,1,1777617023,Positif,"Dukungan, persetujuan, atau afirmasi literal",0.76,Tidak
754,kepo_6533,BSK | GALON™,[Sticker],1,1777614477,Netral,Tidak ada opini jelas/komentar hanya sticker atau observasi,0.85,Tidak
755,n_draw11,꧁🜲nots🜲꧂,[Sticker] gini lebih cocok🥰,1,1777613110,Netral,Komentar umum atau ambigu tanpa sentimen eksplisit,0.6,Ya
756,masarishariyono1,Mas.Aris.hari,😊,1,1777609817,Netral,Komentar terlalu singkat/ambigu untuk polaritas kuat,0.7,Ya
757,s4rdung_,doel,dia mikir pake apaan sih?😭,1,1777609731,Negatif,"Kritik, penolakan, keluhan, atau sarkasme terhadap isi pernyataan/solusi",0.82,Tidak
758,akungabutini00,Judzzz,KO BISA SI JADI MENTRI,1,1777607217,Negatif,"Kritik, penolakan, keluhan, atau sarkasme terhadap isi pernyataan/solusi",0.82,Tidak
759,jeho_defta,Acarox,dikira Spiderman kali bisa nahan kereta 🤨,1,1777606893,Negatif,"Kritik, penolakan, keluhan, atau sarkasme terhadap isi pernyataan/solusi",0.82,Tidak
760,justcallmemar6,justcallmemar,[Sticker],1,1777605482,Netral,Tidak ada opini jelas/komentar hanya sticker atau observasi,0.85,Tidak
761,r4jata_77,愛𝙍𝙖𝙅𝙖𝙖𝙩𝙖,"""walaupun jarang merayakan ulang tahun kita juga ingin panjang umur""🥀",1,1777605041,Negatif,"Kritik, penolakan, keluhan, atau sarkasme terhadap isi pernyataan/solusi",0.82,Tidak
762,wiwaaasept2,youknowsaturn?,"seorang mentri pemikirannya tumpul kaya gini?, gimana proses recruitmentnya kemarin buk",1,1777604953,Negatif,"Kritik, penolakan, keluhan, atau sarkasme terhadap isi pernyataan/solusi",0.82,Tidak
763,funtecshh,yudz anak baik🀄🥇,meskipun kami sering terbentur masalah ekonomi bukan berarti kami kuat menahan benturan besi,1,1777604122,Negatif,"Kritik, penolakan, keluhan, atau sarkasme terhadap isi pernyataan/solusi",0.82,Tidak
764,jesennnryn,Jesen here,solusi macam apa itu,1,1777603670,Netral,Pertanyaan atau komentar belum menunjukkan polaritas jelas,0.65,Ya
765,dedi6594,❦〲♛𝖠𝗇𝖺𝗄̆̈𝗄𝖺𝗆𝗉𝗎𝗇𝗀࿐,[Sticker],1,1777602594,Netral,Tidak ada opini jelas/komentar hanya sticker atau observasi,0.85,Tidak
766,akmahamzi,Akma,menteri p p apa,1,1777602070,Negatif,"Kritik, penolakan, keluhan, atau sarkasme terhadap isi pernyataan/solusi",0.82,Tidak
767,kuya.situmorang,Any Cepek Limpul 🕸️,Bkn cari solusi malah adu mekanik 😩,1,1777599774,Negatif,"Kritik, penolakan, keluhan, atau sarkasme terhadap isi pernyataan/solusi",0.82,Tidak
768,nyambek570,NYAMBEX🈹🀄🎰,enak banget ngmong ny,1,1777599655,Netral,Komentar umum atau ambigu tanpa sentimen eksplisit,0.6,Ya
769,_incwell,_incxywell,ngomong nya enak bgt ya klo jadi pejabat 🫪,1,1777599398,Negatif,"Kritik, penolakan, keluhan, atau sarkasme terhadap isi pernyataan/solusi",0.82,Tidak
770,caesius_,J,[Sticker] suami nya di rumah :,1,1777598527,Netral,Komentar umum atau ambigu tanpa sentimen eksplisit,0.6,Ya
771,raffaaaaaaaaaaaaaaaaaa_8,▀▄▀▄ ✨Raff✨▄▀▄▀,[Sticker] 😹😹,1,1777598453,Netral,Komentar terlalu singkat/ambigu untuk polaritas kuat,0.7,Ya
772,marcellllllloo,⚡16,[Sticker] ini aja yang paling depan,1,1777595369,Negatif,"Kritik, penolakan, keluhan, atau sarkasme terhadap isi pernyataan/solusi",0.82,Tidak
773,zak__24,aking🥷,sepakat 👍 😂,1,1777593372,Negatif,Humor/sarkasme yang cenderung mengkritik isi pernyataan,0.68,Ya
774,d.arysa,Darysa,dikira atur formasi sepak bola 😭,1,1777592480,Negatif,"Kritik, penolakan, keluhan, atau sarkasme terhadap isi pernyataan/solusi",0.82,Tidak
775,ixxxx033,1ZNU_MLK,"saya izin meng usulkan ya buk, gimana kalo rute kereta nya kita pindahin ke arah rumah ibu?",1,1777590727,Negatif,"Kritik, penolakan, keluhan, atau sarkasme terhadap isi pernyataan/solusi",0.82,Tidak
776,bkp_969,mozaa,oot oot 😹😹,1,1777588179,Negatif,"Kritik, penolakan, keluhan, atau sarkasme terhadap isi pernyataan/solusi",0.82,Tidak
777,istridewan1,Mahardikayoona ..,Gerbong Depan belakang harusnya pakein bubblewrap biar aman,1,1777587863,Negatif,"Kritik, penolakan, keluhan, atau sarkasme terhadap isi pernyataan/solusi",0.82,Tidak
778,ilyywtnb,piraa.,kaya gini kok bisa jadi mentri anjir,1,1777580934,Negatif,"Kritik, penolakan, keluhan, atau sarkasme terhadap isi pernyataan/solusi",0.82,Tidak
779,sisca.raishya,sisca raishya. N.70,hadeh ini Mentri y,1,1777578140,Negatif,"Kritik, penolakan, keluhan, atau sarkasme terhadap isi pernyataan/solusi",0.82,Tidak
780,nizar.frmns,njayy,udah tenang aja semuanya di tengah tar kereta nya manjang ke atas,1,1777574640,Negatif,"Kritik, penolakan, keluhan, atau sarkasme terhadap isi pernyataan/solusi",0.82,Tidak
781,happysad_ll,Fahmi jr,[Sticker] yang bu mentri pikir,1,1777573565,Negatif,"Kritik, penolakan, keluhan, atau sarkasme terhadap isi pernyataan/solusi",0.82,Tidak
782,dekrana12,putrisunda,ini dia mentri pleger,1,1777570878,Negatif,"Kritik, penolakan, keluhan, atau sarkasme terhadap isi pernyataan/solusi",0.82,Tidak
783,budi.genza,Genza,kami tunggu klarifikasi blundernya Bu mentri,1,1777570853,Negatif,"Kritik, penolakan, keluhan, atau sarkasme terhadap isi pernyataan/solusi",0.82,Tidak
784,rifqi.fathul.ghob,Rifqi FG,ngakak baca komen😂,1,1777570247,Netral,Tidak ada opini jelas/komentar hanya sticker atau observasi,0.85,Tidak
785,rotikukus10,Ayus,Se ekor MENTERI PPPA cara memberi solusi nya seperti ini? Serius?😅,1,1777565366,Negatif,"Kritik, penolakan, keluhan, atau sarkasme terhadap isi pernyataan/solusi",0.82,Tidak
786,ainsupriatna1,ainsupriatna,ko jadi mentri yah,1,1777564940,Negatif,"Kritik, penolakan, keluhan, atau sarkasme terhadap isi pernyataan/solusi",0.82,Tidak
787,baliyaangkara,Baliya Angkara,ouh jadi depan blakang ok dong😁🗿,1,1777564094,Negatif,"Kritik, penolakan, keluhan, atau sarkasme terhadap isi pernyataan/solusi",0.82,Tidak
788,rahultorano,_*RAHUL NGELO*_,gerbong belakan sama depan khusus mentri,1,1777561730,Negatif,"Kritik, penolakan, keluhan, atau sarkasme terhadap isi pernyataan/solusi",0.82,Tidak
789,rakai.emir,Steve rogers,lah emang gua spiderman hah yang nahan kereta,1,1777561630,Negatif,"Kritik, penolakan, keluhan, atau sarkasme terhadap isi pernyataan/solusi",0.82,Tidak
790,nd.ryhel,cappucino🎵☕,pejabat korup dibelakang Ama didepan aj ibu 😇,1,1777559653,Negatif,"Kritik, penolakan, keluhan, atau sarkasme terhadap isi pernyataan/solusi",0.82,Tidak
791,secretlifeof.hn,Just N,asbun bener asbun sumpah...,1,1777559451,Negatif,"Kritik, penolakan, keluhan, atau sarkasme terhadap isi pernyataan/solusi",0.82,Tidak
792,brdc.rowr,Brdc Rowr,nah baru menterinya itu ditaruh di bemper kereta api,1,1777558697,Negatif,"Kritik, penolakan, keluhan, atau sarkasme terhadap isi pernyataan/solusi",0.82,Tidak
793,risolmayoz27,mayoz,[Sticker] kok mirip cihh,1,1777558467,Netral,Komentar umum atau ambigu tanpa sentimen eksplisit,0.6,Ya
794,khifirs,Revin_Bejir,"""SEPAKAT""",1,1777558148,Netral,Komentar terlalu singkat/ambigu untuk polaritas kuat,0.7,Ya
795,bunkjey340,b4n974y340🇬🇶,"harus nya sistem transportasi nya yang di benahi bukan memindah penumpang dlm gerbong nya ,",1,1777558263,Negatif,"Kritik, penolakan, keluhan, atau sarkasme terhadap isi pernyataan/solusi",0.82,Tidak
796,dxz316,xxxTentacion,Gini amat tinggal di konoha,1,1777557476,Negatif,"Kritik, penolakan, keluhan, atau sarkasme terhadap isi pernyataan/solusi",0.82,Tidak
797,www.ti2pane_wongpusat.co,🔴🌀ERWIN_Oi🌀🔴,kuota hbis...jd baca koment aj...sangat2 trhibur 😫,1,1777556057,Netral,Tidak ada opini jelas/komentar hanya sticker atau observasi,0.85,Tidak
798,dikzbefore,dikzsebelumbefore🤭,perempuannya ditaruh di tengah mesin dibawah gerbong buk?,1,1777556036,Negatif,"Kritik, penolakan, keluhan, atau sarkasme terhadap isi pernyataan/solusi",0.82,Tidak
799,raffasyazaydan21,Raffa,gimana klw ibu ddk diatas kereta aja,1,1777555646,Netral,Pertanyaan atau komentar belum menunjukkan polaritas jelas,0.65,Ya
800,ilham_samuel,matamu Kuwi,ibunya bener ....yang salah pertanyaan wartawannya,1,1777555014,Netral,Komentar umum atau ambigu tanpa sentimen eksplisit,0.6,Ya
801,nottfound4047,TediMulyadiii,[Sticker],1,1777554952,Netral,Tidak ada opini jelas/komentar hanya sticker atau observasi,0.85,Tidak
802,ennvin,ennv,keretanya di ubah jadi kereta Transformer aja gimana,1,1777554425,Negatif,"Kritik, penolakan, keluhan, atau sarkasme terhadap isi pernyataan/solusi",0.82,Tidak
803,nkzreborn,G E E K K O,setengah rolas arek iki,1,1777554041,Negatif,"Kritik, penolakan, keluhan, atau sarkasme terhadap isi pernyataan/solusi",0.82,Tidak
804,gerzz_avgeks,GERZZ,maaf ya Bu bukan bermaksud menghina tapi laki-laki juga punya nyawa,1,1777552353,Negatif,"Kritik, penolakan, keluhan, atau sarkasme terhadap isi pernyataan/solusi",0.82,Tidak
805,fans_azka040,fans Azka imut,Jang naon nga ganti Kitu hungkul DA moal ulang ulang wae atuh🗿,1,1777552240,Negatif,"Kritik, penolakan, keluhan, atau sarkasme terhadap isi pernyataan/solusi",0.82,Tidak
806,weelll81,`.                           `,"[Sticker] mending ini sihh yg di taro depan belakang
kan sepidermen",1,1777551564,Negatif,"Kritik, penolakan, keluhan, atau sarkasme terhadap isi pernyataan/solusi",0.82,Tidak
807,yanss_bae02,YANSS!!,"mengurangi korban=❌
mengganti korban=✅",1,1777550658,Negatif,"Kritik, penolakan, keluhan, atau sarkasme terhadap isi pernyataan/solusi",0.82,Tidak
808,the_moumetz,BANG AL,gmna reaksi suaminya bu mentri dengar pendapat bu mentri🤔,1,1777549797,Negatif,"Kritik, penolakan, keluhan, atau sarkasme terhadap isi pernyataan/solusi",0.82,Tidak
809,sugirigiri860,Gir,saya diatas gerbong aja bu,1,1777549257,Netral,Komentar umum atau ambigu tanpa sentimen eksplisit,0.6,Ya
810,elidriso,EL - IDRISO,lebih aman lagi ngak usah gerbong bu,1,1777548885,Netral,Komentar umum atau ambigu tanpa sentimen eksplisit,0.6,Ya
811,vns033,RR_,"walaupun laki laki jarang merayakan ulang tahun
tapi kami juga pengen panjang umur bu🙏",1,1777547900,Negatif,"Kritik, penolakan, keluhan, atau sarkasme terhadap isi pernyataan/solusi",0.82,Tidak
812,vavierand,:v,laki laki juga punya nyawa bu🥺,1,1777547780,Negatif,"Kritik, penolakan, keluhan, atau sarkasme terhadap isi pernyataan/solusi",0.82,Tidak
813,harsono8344,Bang Sony,"Bu menteri, namanya musibah dimanapun seseorang berada tidak ada yang tahu.",1,1777547757,Negatif,"Kritik, penolakan, keluhan, atau sarkasme terhadap isi pernyataan/solusi",0.82,Tidak
814,guunk.go,Guunk Go,siapa yg milih mentri ini ?,1,1777547238,Negatif,"Kritik, penolakan, keluhan, atau sarkasme terhadap isi pernyataan/solusi",0.82,Tidak
815,.cuansahamdaily,Nilai saham Indonesia,pov :ketika ibu menteri kebanyakan nonton Ultraman dan Superman 😄,1,1777547346,Negatif,"Kritik, penolakan, keluhan, atau sarkasme terhadap isi pernyataan/solusi",0.82,Tidak
816,_xycell0,"nαochie, :P","𝗽𝗸𝗼𝗸𝗻𝘆𝗮 𝘀𝗺𝘂𝗮𝗻𝘆𝗮 𝗱𝗶 𝘁𝗲𝗻𝗴𝗮𝗵,
𝗸𝗲𝗿𝗲𝘁𝗮 𝗻𝘆𝗮 𝗽𝗮𝗻𝗷𝗮𝗻𝗴 𝗸𝗲 𝗮𝘁𝗮𝘀 𝗮𝗷𝗮",1,1777547080,Netral,Komentar umum atau ambigu tanpa sentimen eksplisit,0.6,Ya
817,0xvoid40,.,Jadi solusinya korban diganti sebab pelampung untuk mengurangkan kecelakaan?,1,1777546374,Negatif,"Kritik, penolakan, keluhan, atau sarkasme terhadap isi pernyataan/solusi",0.82,Tidak
818,wachyou86,Wach_you#18,":𝗣𝗲𝗷𝗮𝗯𝗮𝘁 𝗽𝘂𝗯𝗹𝗶𝗸 𝘀𝗲𝗹𝗮𝘆𝗮𝗸𝗻𝘆𝗮 𝗕𝗘𝗥𝗣𝗜𝗞𝗜𝗥𝗟𝗔𝗛 𝘀𝗲𝗯𝗲𝗹𝘂𝗺 𝗯𝗲𝗿𝗯𝗶𝗰𝗮𝗿𝗮, 𝗝𝗔𝗡𝗚𝗔𝗡 𝘀𝗲𝘁𝗲𝗹𝗮𝗵 𝗯𝗶𝗰𝗮𝗿𝗮 𝗷𝗮𝗱𝗶 𝗸𝗲𝗽𝗶𝗸𝗶𝗿𝗮𝗻.",1,1777545128,Netral,Komentar umum atau ambigu tanpa sentimen eksplisit,0.6,Ya
819,kiranatxy0,.,[Sticker],1,1777545009,Netral,Tidak ada opini jelas/komentar hanya sticker atau observasi,0.85,Tidak
820,kiranatxy0,.,[Sticker],1,1777545002,Netral,Tidak ada opini jelas/komentar hanya sticker atau observasi,0.85,Tidak
821,kiranatxy0,.,[Sticker],1,1777545000,Netral,Tidak ada opini jelas/komentar hanya sticker atau observasi,0.85,Tidak
822,kiranatxy0,.,[Sticker],1,1777544992,Netral,Tidak ada opini jelas/komentar hanya sticker atau observasi,0.85,Tidak
823,kiranatxy0,.,[Sticker],1,1777544995,Netral,Tidak ada opini jelas/komentar hanya sticker atau observasi,0.85,Tidak
824,kiranatxy0,.,[Sticker],1,1777544986,Netral,Tidak ada opini jelas/komentar hanya sticker atau observasi,0.85,Tidak
825,kiranatxy0,.,[Sticker],1,1777544983,Netral,Tidak ada opini jelas/komentar hanya sticker atau observasi,0.85,Tidak
826,kiranatxy0,.,[Sticker],1,1777544989,Netral,Tidak ada opini jelas/komentar hanya sticker atau observasi,0.85,Tidak
827,kiranatxy0,.,[Sticker],1,1777544980,Netral,Tidak ada opini jelas/komentar hanya sticker atau observasi,0.85,Tidak
828,kiranatxy0,.,[Sticker],1,1777544978,Netral,Tidak ada opini jelas/komentar hanya sticker atau observasi,0.85,Tidak
829,kiranatxy0,.,[Sticker],1,1777544971,Netral,Tidak ada opini jelas/komentar hanya sticker atau observasi,0.85,Tidak
830,kiranatxy0,.,[Sticker],1,1777544974,Netral,Tidak ada opini jelas/komentar hanya sticker atau observasi,0.85,Tidak
831,kiranatxy0,.,[Sticker],1,1777544968,Netral,Tidak ada opini jelas/komentar hanya sticker atau observasi,0.85,Tidak
832,kiranatxy0,.,[Sticker],1,1777544959,Netral,Tidak ada opini jelas/komentar hanya sticker atau observasi,0.85,Tidak
833,kiranatxy0,.,[Sticker],1,1777544963,Netral,Tidak ada opini jelas/komentar hanya sticker atau observasi,0.85,Tidak
834,kiranatxy0,.,[Sticker],1,1777545005,Netral,Tidak ada opini jelas/komentar hanya sticker atau observasi,0.85,Tidak
835,rahmiandiniii,🐆,situasi saat ini,1,1777544289,Netral,Komentar umum atau ambigu tanpa sentimen eksplisit,0.6,Ya
836,gua_sadar_diri,DAH BIASA,[Sticker] lu aja noh,1,1777543205,Netral,Komentar terlalu singkat/ambigu untuk polaritas kuat,0.7,Ya
837,mr_young0425,young0425,Tolong menteri PLPP (Pemberdayaan Laki - laki dan Perlindungan Perasaanya) tolong ini urus menteri PPPA .,1,1777542531,Negatif,"Kritik, penolakan, keluhan, atau sarkasme terhadap isi pernyataan/solusi",0.82,Tidak
838,irsat226,irsat,lu aja kali yg depan,1,1777542069,Netral,Komentar umum atau ambigu tanpa sentimen eksplisit,0.6,Ya
839,zievanshop,zievhanshop,"lucu- lucu ya Mentri konoha.kemarin matikan gas kalo udah Mateng,eh sekarang ada lagi..😂",1,1777541890,Negatif,"Kritik, penolakan, keluhan, atau sarkasme terhadap isi pernyataan/solusi",0.82,Tidak
840,gharfa.putra,purta,kita mah cuma Peter Parker bukan Spiderman wak🗿,1,1777540716,Negatif,"Kritik, penolakan, keluhan, atau sarkasme terhadap isi pernyataan/solusi",0.82,Tidak
841,bangrafiq5940,──  Lihat 1.294 balasan ﹀,"mending semuanya aja di gerbong tengah, gerbong depan sama belakang kasih bubblewarp 🥰",1,1777540499,Negatif,"Kritik, penolakan, keluhan, atau sarkasme terhadap isi pernyataan/solusi",0.82,Tidak
842,antoni_rofix,Fix,ibu ini mengeluarkan solusi untuk mengganti korban.. bukan mengurangi korban.,1,1777540377,Negatif,"Kritik, penolakan, keluhan, atau sarkasme terhadap isi pernyataan/solusi",0.82,Tidak
843,ejabaikhati8,bwabwabwa,cowo juga manusia,1,1777540096,Negatif,"Kritik, penolakan, keluhan, atau sarkasme terhadap isi pernyataan/solusi",0.82,Tidak
844,xxdull23,XXDULL,malah ganti formasi,1,1777539608,Negatif,"Kritik, penolakan, keluhan, atau sarkasme terhadap isi pernyataan/solusi",0.82,Tidak
845,12345678910shadiq,PNBV1★🪩🩻,[Sticker] yang bro rasakan setelah membicarakan tentang ini,1,1777539241,Netral,Komentar umum atau ambigu tanpa sentimen eksplisit,0.6,Ya
846,j.sutiawan6,J Sutiawan,kereta terbuat dari baja Bu 😳,1,1777538355,Netral,Komentar umum atau ambigu tanpa sentimen eksplisit,0.6,Ya
847,sannnzz71,SuKi😹 SuKa🤑YappIng🤓,[Sticker],1,1777537970,Netral,Tidak ada opini jelas/komentar hanya sticker atau observasi,0.85,Tidak
848,stevennelwan759,Steven ar nelwan,tolong diganti menteri nda jelas gini,1,1777537026,Negatif,"Kritik, penolakan, keluhan, atau sarkasme terhadap isi pernyataan/solusi",0.82,Tidak
849,saputrax_69,𝙀𝙎𝙕𝙍𝘼,[Sticker],1,1777536765,Netral,Tidak ada opini jelas/komentar hanya sticker atau observasi,0.85,Tidak
850,haikaldisinii._,Haikal,"mengurangi korban❎
mengganti korban ✅",1,1777536505,Negatif,"Kritik, penolakan, keluhan, atau sarkasme terhadap isi pernyataan/solusi",0.82,Tidak
851,chen033096,Viewers,bukan nya ngasih solusi malah ganti formasi,1,1777535883,Negatif,"Kritik, penolakan, keluhan, atau sarkasme terhadap isi pernyataan/solusi",0.82,Tidak
852,rosotukum,roso,bagus banget usulnya. mudah-mudahan sudah melalui rapat kabinet.,1,1777535127,Negatif,"Kritik, penolakan, keluhan, atau sarkasme terhadap isi pernyataan/solusi",0.82,Tidak
853,devv4aa_,🅰️de🤸🐣,yang nanya:🤨🙄,1,1777534619,Netral,Komentar umum atau ambigu tanpa sentimen eksplisit,0.6,Ya
854,ahsannawwafi,￴￴ ￴,[Sticker],1,1777534405,Netral,Tidak ada opini jelas/komentar hanya sticker atau observasi,0.85,Tidak
855,nuuueraa,nuraa,"Maksudnya suami ibu di gerbong depan,ibu gerbong tengah dan anak laki2 ibu di gerbong belakang,kira2 begitu atau bgmn ibu?",1,1777533466,Negatif,"Kritik, penolakan, keluhan, atau sarkasme terhadap isi pernyataan/solusi",0.82,Tidak
856,meil189,Joni,buk meskipun kami sering terbentur masalah ekonomi bukan berati kami kuat menahan benturan besi.😌,1,1777533407,Negatif,"Kritik, penolakan, keluhan, atau sarkasme terhadap isi pernyataan/solusi",0.82,Tidak
857,reinold740,reinold740,Lu kira gw spiderman yg bisa nahan ketawa😅,1,1777532857,Negatif,"Kritik, penolakan, keluhan, atau sarkasme terhadap isi pernyataan/solusi",0.82,Tidak
858,bluesweet37,Blue4,"sehat"" tulang punggung kreta api",1,1777532586,Negatif,"Kritik, penolakan, keluhan, atau sarkasme terhadap isi pernyataan/solusi",0.82,Tidak
859,miawmi111109,"￴mon,𝐄𝐭𝐞𝐫𝐧𝐚𝐥",yang belum imo taro belakang yg boty taro depan,1,1777531926,Netral,Komentar umum atau ambigu tanpa sentimen eksplisit,0.6,Ya
860,abayparagoy,abayjier,maaf bu kalo tiba' meteor jatoh ke gerbong tengah apakah di pindahkan lagi??,1,1777531780,Negatif,"Kritik, penolakan, keluhan, atau sarkasme terhadap isi pernyataan/solusi",0.82,Tidak
861,elang_bheta.c92,ODONG  ODONG,"mau tanya kalo ada kecelakaan kendaraan umum ..
yang salah penumpang nya
ataw
pengelola , kondisi , pengemudi kendaraan nya ?",1,1777531595,Negatif,"Kritik, penolakan, keluhan, atau sarkasme terhadap isi pernyataan/solusi",0.82,Tidak
862,intakepeng8899,beberok,miris menteri kayak gini,1,1777531041,Negatif,"Kritik, penolakan, keluhan, atau sarkasme terhadap isi pernyataan/solusi",0.82,Tidak
863,_sibeng,𝐛𝐞𝐧𝐠 𝐚𝐧𝐚𝐤 𝐛𝐚𝐢𝐤,[Sticker] maksudnya gini bang ?,1,1777530802,Negatif,"Kritik, penolakan, keluhan, atau sarkasme terhadap isi pernyataan/solusi",0.82,Tidak
864,tpbolon27,jona tp bolon,wartawan nya juga blunder pertanyaan nya,1,1777530793,Netral,Komentar umum atau ambigu tanpa sentimen eksplisit,0.6,Ya
865,fyzain,Fyzain Jamil,seriusla ini menteri?,1,1777530410,Negatif,"Kritik, penolakan, keluhan, atau sarkasme terhadap isi pernyataan/solusi",0.82,Tidak
866,riii_luplup,_.not_fahriqz._🧚‍♂️🍃,[Sticker] gini aja🤭,1,1777528218,Negatif,"Kritik, penolakan, keluhan, atau sarkasme terhadap isi pernyataan/solusi",0.82,Tidak
867,naman_super,Naman Super,bu maaf ini bahas musibah bukan masalah dimana saja yg penting ada gerbong khusus agar tidak terjadi pelecehan bu,1,1777527471,Negatif,"Kritik, penolakan, keluhan, atau sarkasme terhadap isi pernyataan/solusi",0.82,Tidak
868,tiyasengg,tiyas🌸,ganti formasi buk😂,1,1777527254,Negatif,"Kritik, penolakan, keluhan, atau sarkasme terhadap isi pernyataan/solusi",0.82,Tidak
869,selowtapigerak,𝕄𝕒𝕨𝕒𝕣 𝕓𝕝𝕒𝕔𝕜,[Sticker] bentar bu aku beli ini dulu.,1,1777526279,Netral,Komentar umum atau ambigu tanpa sentimen eksplisit,0.6,Ya
870,saladbuahmamicel,Maminya Hansel,"Bukannya membenahi jadwal pengecekan sistem, sinyal dll secara berkala dan peremajaan sistem, malah ganti tumbal 😭",1,1777526165,Negatif,"Kritik, penolakan, keluhan, atau sarkasme terhadap isi pernyataan/solusi",0.82,Tidak
871,iniandy25,Andy Luckman,"Walau bagaimanapun,
Beliau sebagai pejabat publik
Sudah memberikan solusinya..
Sesuai kapasitas beliau sebagai menteri P'A
Hargai saja..
Tugas kita cukup membullinya.",1,1777525352,Negatif,"Kritik, penolakan, keluhan, atau sarkasme terhadap isi pernyataan/solusi",0.82,Tidak
872,rapzxl74,𝙇𝙆𝙕🤡,walaupun fisik kuat kita bukan berarti kuat nahan ..... 🥀,1,1777524582,Negatif,"Kritik, penolakan, keluhan, atau sarkasme terhadap isi pernyataan/solusi",0.82,Tidak
873,bimanusa30,Bima,gini amat ya nasib kita sbg laki² 🥹🥹,1,1777523982,Negatif,"Kritik, penolakan, keluhan, atau sarkasme terhadap isi pernyataan/solusi",0.82,Tidak
874,papangchoo,Papangcho,😂😁🤣 kocak....,1,1777523801,Negatif,"Kritik, penolakan, keluhan, atau sarkasme terhadap isi pernyataan/solusi",0.82,Tidak
875,dymee44,atta,ko bisa jd mntri yah,1,1777523233,Netral,Komentar umum atau ambigu tanpa sentimen eksplisit,0.6,Ya
876,yth.mad,Kepada.Yth.mad,yg blom imo taro dibelakang,1,1777523090,Netral,Komentar umum atau ambigu tanpa sentimen eksplisit,0.6,Ya
877,huazenli2,sugardady 'jas'aL,bukanya cari solusi malah ganti formasi ..,1,1777523014,Negatif,"Kritik, penolakan, keluhan, atau sarkasme terhadap isi pernyataan/solusi",0.82,Tidak
878,nazarnevada,achnzr_,cita2ku waktu kecil pengen jadi Spiderman mungkin ini sudah saatnya,1,1777522725,Negatif,"Kritik, penolakan, keluhan, atau sarkasme terhadap isi pernyataan/solusi",0.82,Tidak
879,bahrul.pamekasan,🅱🅰🅷🆁🆄🅻 🅼🅰🅳🆄🆁🅰,"pejabat di republik ini banyak yang klarifikasi dengan pernyataannya sendiri,
itu terbukti mereka berada di posisi yang tidak sesuai dengan kemampuan mereka, terus kpan indonesia majunya.? hadehhhh..🫣",1,1777521163,Negatif,"Kritik, penolakan, keluhan, atau sarkasme terhadap isi pernyataan/solusi",0.82,Tidak
880,hanagayalaen,meme,[Sticker] Maksudnya gini woi🗿,1,1777520940,Negatif,"Kritik, penolakan, keluhan, atau sarkasme terhadap isi pernyataan/solusi",0.82,Tidak
881,dimzskuy8,kanyut,jangan seenaknya dong,1,1777520192,Netral,Komentar umum atau ambigu tanpa sentimen eksplisit,0.6,Ya
882,ikyyy03272008__,ikyyy03272008__,"bikin underpas/flyover bu ,itu bukan solusi,kok bisa si kepikiran kaya gitu bu😭😭😭",1,1777518514,Negatif,"Kritik, penolakan, keluhan, atau sarkasme terhadap isi pernyataan/solusi",0.82,Tidak
883,shikaluka2,ShiKaLuKa,"itu beda yaa temen temen, kalo yg awal almarhumah setelah usulan buk Mentri jadi almarhum..",1,1777517756,Negatif,"Kritik, penolakan, keluhan, atau sarkasme terhadap isi pernyataan/solusi",0.82,Tidak
884,sarizain586,Sari Zain,itu bukan solusi bu menteri..seharusnya pengamanannya lebih di perhatikan..rambu2nya jgn sempat error.,1,1777517786,Negatif,"Kritik, penolakan, keluhan, atau sarkasme terhadap isi pernyataan/solusi",0.82,Tidak
885,dodebayuu,★ᴰ·,[Sticker] Sepakat bu mentri,1,1777517502,Negatif,"Kritik, penolakan, keluhan, atau sarkasme terhadap isi pernyataan/solusi",0.82,Tidak
886,yusufghuraba_7,Yusuf at-tamami,"walaupun sering terbentur dengan ekonomi, bukan berarti kami kuat benturan dengan besi Bu. 🥺",1,1777517030,Negatif,"Kritik, penolakan, keluhan, atau sarkasme terhadap isi pernyataan/solusi",0.82,Tidak
887,nasrlaziz,mazrul     🦟       c٥ʷₚͦ៰ᷜ⍳٥ˢ,"ngomong yang penting
yang penting ngomong😂",1,1777516798,Negatif,"Kritik, penolakan, keluhan, atau sarkasme terhadap isi pernyataan/solusi",0.82,Tidak
888,lillays_,L,[Sticker] Coba atur formasi timnas indo buk biar menang lawan Barcelona,1,1777516713,Negatif,"Kritik, penolakan, keluhan, atau sarkasme terhadap isi pernyataan/solusi",0.82,Tidak
889,mhab.bahrii25_,b,bahkan di hidup yang singkat ini kita masih dipersingkat.,1,1777515797,Netral,Komentar umum atau ambigu tanpa sentimen eksplisit,0.6,Ya
890,klimissantuy,𝗣𝗿𝗼𝗽𝗼𝗳𝗼𝗹 𝟮𝟬 𝗠𝗴,[Sticker] lah yung yung le ngomong pating blitutt rakaruan,1,1777515312,Netral,Komentar umum atau ambigu tanpa sentimen eksplisit,0.6,Ya
891,yobs229,ORANG KUSUT,andai gw ad disitu,1,1777515152,Netral,Komentar umum atau ambigu tanpa sentimen eksplisit,0.6,Ya
892,forkomdanias,Forkomda Nias,situasi kereta saat ini,1,1777515062,Netral,Komentar umum atau ambigu tanpa sentimen eksplisit,0.6,Ya
893,calonimammu999,Taurus  ♉,[Sticker],1,1777514589,Netral,Tidak ada opini jelas/komentar hanya sticker atau observasi,0.85,Tidak
894,daoneandonlyrameses,rameses,atur seplenger mungkin,1,1777514068,Negatif,"Kritik, penolakan, keluhan, atau sarkasme terhadap isi pernyataan/solusi",0.82,Tidak
895,ollop66,ROCKY GENK,Terimaksih usulan nya buk setelah mendengar kebijakan baru ibuk ini saya udah gmau naik kereta agi,1,1777513988,Netral,Komentar umum atau ambigu tanpa sentimen eksplisit,0.6,Ya
896,oliviaangel2292,Ayankbebeb22,Sekelas mentri kok bgni :(,1,1777513847,Negatif,"Kritik, penolakan, keluhan, atau sarkasme terhadap isi pernyataan/solusi",0.82,Tidak
897,nutloz,Bayu,saran aja bu demi menghemat anggaran penjabat wajib naik angkutan umum dan wajib di gerbong belakang dan depan 🙏,1,1777513703,Negatif,"Kritik, penolakan, keluhan, atau sarkasme terhadap isi pernyataan/solusi",0.82,Tidak
898,zayannnnnnnnn_,Viceroy.,"wkwkkwkwkw keren lu gitu, depan blkng menteri ama pejabat aja, yang tengah rakyat",1,1777513648,Negatif,"Kritik, penolakan, keluhan, atau sarkasme terhadap isi pernyataan/solusi",0.82,Tidak
899,cak.11,Alimwcksn._🇻🇳,[Sticker] gas bu,1,1777513627,Netral,Komentar terlalu singkat/ambigu untuk polaritas kuat,0.7,Ya
900,armani_jnr90,Cna_bpc12,omongannya bergaji selevel menteri,1,1777513357,Negatif,"Kritik, penolakan, keluhan, atau sarkasme terhadap isi pernyataan/solusi",0.82,Tidak
901,flwertih,Ratihh🧸✨,[Sticker] tidakk fanntassss,1,1777513038,Netral,Komentar umum atau ambigu tanpa sentimen eksplisit,0.6,Ya
902,sikentang868,sikentang,Kamis pagi ini,1,1777512740,Netral,Tidak ada opini jelas/komentar hanya sticker atau observasi,0.85,Tidak
903,angelowibowo22,Angelo,Gak masuk akal 😂,1,1777511393,Negatif,"Kritik, penolakan, keluhan, atau sarkasme terhadap isi pernyataan/solusi",0.82,Tidak
904,bayu.stutu,bayu stutu,pinter ga harus jadi apa apa,1,1777511150,Negatif,"Kritik, penolakan, keluhan, atau sarkasme terhadap isi pernyataan/solusi",0.82,Tidak
905,ofh21_,ofh 21,"mau usul juga bu, kalau bisa gerbong depan anggota DPR, gerbong belakang para menteri Konoha..😁",1,1777510189,Negatif,"Kritik, penolakan, keluhan, atau sarkasme terhadap isi pernyataan/solusi",0.82,Tidak
906,rudi.pribadi6,Rudi Pribadi,"kl bikin statemen itu gak usah buru-buru, mikir dulu gitu",1,1777509410,Negatif,"Kritik, penolakan, keluhan, atau sarkasme terhadap isi pernyataan/solusi",0.82,Tidak
907,j0ker_osch2103,My°Stor¥,Buk meskipun kami sering terbentur masalah ekonomi bukan berati kami kuat menahan benturan besi.,1,1777507711,Negatif,"Kritik, penolakan, keluhan, atau sarkasme terhadap isi pernyataan/solusi",0.82,Tidak
908,dwah050,Bonsaigarden.id,"mau cari hiburan ga usah jauh-jauh dan mahal, ckup baca komen di sini sudah auto ngakak 🤣🤣🤣😇😇😇",1,1777507591,Netral,Tidak ada opini jelas/komentar hanya sticker atau observasi,0.85,Tidak
909,kincil63,gaaaa.,"ini usul dari saya ya buk, gimana kalo rute kereta di ubah aja kearah rumah ibu",1,1777506812,Negatif,"Kritik, penolakan, keluhan, atau sarkasme terhadap isi pernyataan/solusi",0.82,Tidak
910,pengen.mykonos,ZRIEE,cowo juga punya nyawaa..,1,1777505683,Negatif,"Kritik, penolakan, keluhan, atau sarkasme terhadap isi pernyataan/solusi",0.82,Tidak
911,akbarzzzz44,Abarzzzz,saran aku sih gerbon belakang sama gerbong depan di jadiin tempat barang²,1,1777505532,Netral,Komentar umum atau ambigu tanpa sentimen eksplisit,0.6,Ya
912,shitya_forever,𝖎𝖒𝖆𝖌𝖎𝖓𝖆𝖙𝖎𝖔𝖓 sf✨,mending gak usah naik kereta aja kalo gitu,1,1777504865,Negatif,"Kritik, penolakan, keluhan, atau sarkasme terhadap isi pernyataan/solusi",0.82,Tidak
913,taakio_,taakio,kami bukan spiderman,1,1777504732,Negatif,"Kritik, penolakan, keluhan, atau sarkasme terhadap isi pernyataan/solusi",0.82,Tidak
914,apaanajejugabole,KingTirszXKingPall,yg blm imo taro di belakang🗿,1,1777504194,Negatif,Humor/sarkasme yang cenderung mengkritik isi pernyataan,0.68,Ya
915,valstecu82,siapa aj,lbih stuju yg dpn am blkng MENTRI AMA PEJABAT,1,1777503773,Negatif,"Kritik, penolakan, keluhan, atau sarkasme terhadap isi pernyataan/solusi",0.82,Tidak
916,yaudah0911_,addey,bukannya kasih solusi malah ganti formasi 😭😭😭,1,1777503765,Negatif,"Kritik, penolakan, keluhan, atau sarkasme terhadap isi pernyataan/solusi",0.82,Tidak
917,sutanoyi11,El Satoru 🚀,situasi saat ini,1,1777503392,Netral,Komentar umum atau ambigu tanpa sentimen eksplisit,0.6,Ya
918,qiqi_jugabisa,Panggil aja QiQi,[Sticker] yok naik naik,1,1777502629,Netral,Komentar umum atau ambigu tanpa sentimen eksplisit,0.6,Ya
919,faizfaeyza77,YTTA★,e e e e e,1,1777502385,Netral,Komentar terlalu singkat/ambigu untuk polaritas kuat,0.7,Ya
920,faizfaeyza77,YTTA★,sama aja,1,1777502297,Netral,Komentar terlalu singkat/ambigu untuk polaritas kuat,0.7,Ya
921,syarif0034,mamah astri,pak Prabowo salah pilih menteri apa gimana sih 😅,1,1777502070,Negatif,"Kritik, penolakan, keluhan, atau sarkasme terhadap isi pernyataan/solusi",0.82,Tidak
922,2mahesa1,Tirta_Senyawa🍃,"kami laki² walaupun jarang merayakan ulang tahun,pengen panjang umur juga bu🙂",1,1777501739,Negatif,"Kritik, penolakan, keluhan, atau sarkasme terhadap isi pernyataan/solusi",0.82,Tidak
923,faa_pahrev_n_ltz,ƒαα ραняєν ηα∂ιƒ★★★★★(•∆•),habis nonton spiderman ya buk,1,1777501532,Negatif,"Kritik, penolakan, keluhan, atau sarkasme terhadap isi pernyataan/solusi",0.82,Tidak
924,ekall_411,ekall,smpit Skali pemikiran nya,1,1777498911,Negatif,"Kritik, penolakan, keluhan, atau sarkasme terhadap isi pernyataan/solusi",0.82,Tidak
925,araamudrikah_,araamudrikah_,Biar aman gerbong paling belakang pakein bublewrap aja bu,1,1777498525,Negatif,"Kritik, penolakan, keluhan, atau sarkasme terhadap isi pernyataan/solusi",0.82,Tidak
926,reyhanalvro,reyhanalvaro,uda gini bu formasi nya suami ibu di belakang anak laki’ ibu di depan ibu nya di atas atap kereta,1,1777498303,Negatif,"Kritik, penolakan, keluhan, atau sarkasme terhadap isi pernyataan/solusi",0.82,Tidak
927,imamtanthowijauha,"Imam Tanthowi Jauhari, S.H.,",lagi lucu lucunya 😁,1,1777497251,Negatif,"Kritik, penolakan, keluhan, atau sarkasme terhadap isi pernyataan/solusi",0.82,Tidak
928,pulau_oar,🏝 Oar Island 🏖,otw beli daster 😭,1,1777494168,Negatif,Humor/sarkasme yang cenderung mengkritik isi pernyataan,0.68,Ya
929,aksaraceritanpd,AKSARA CERITA NPD,"Sebenarnya Ibu ini diam lebih baik dan aman dari hujatan
Bukan Menhub
Bukan Bagian dari PT KAI
Statementnya gak terlalu di butuhkan banget
Ada sesuatu yang janggal kalau aku bilang sih
Berita Menhub terkait kecelakaan kereta malah sepi",1,1777493111,Negatif,"Kritik, penolakan, keluhan, atau sarkasme terhadap isi pernyataan/solusi",0.82,Tidak
930,pioskj7,Le'blanc,"mengurangi korban❌
mengganti korban✔️",1,1777491925,Negatif,"Kritik, penolakan, keluhan, atau sarkasme terhadap isi pernyataan/solusi",0.82,Tidak
931,purnamaaam551,aam_B3,pernyataan yang begitu cemerlang di era ini ..mikir!!!,1,1777490671,Negatif,"Kritik, penolakan, keluhan, atau sarkasme terhadap isi pernyataan/solusi",0.82,Tidak
932,ri.ski31,PLAT Z 🤟🏴‍☠️🇲🇨🇲🇨,parah gkblb7ù,1,1777490158,Netral,Komentar umum atau ambigu tanpa sentimen eksplisit,0.6,Ya
933,playmakerandalanku,Playmaker Andalan,"menghindari korban jiwa ❌
mengganti korban jiwa ✅",1,1777489174,Negatif,"Kritik, penolakan, keluhan, atau sarkasme terhadap isi pernyataan/solusi",0.82,Tidak
934,d0101j,Panzul,"iya Bu gak apa kami kuat kok, kuat bu😭",1,1777488462,Negatif,Humor/sarkasme yang cenderung mengkritik isi pernyataan,0.68,Ya
935,agusacs,𝓐,Uu kasian eee spa mm ini kh,1,1777488051,Netral,Komentar umum atau ambigu tanpa sentimen eksplisit,0.6,Ya
936,raydiva_05,Dipa,"Aku maluuu, maaf ya ternyata kita se nyebelin ituu",1,1777487969,Netral,Komentar umum atau ambigu tanpa sentimen eksplisit,0.6,Ya
937,fahrilril178,abaxstersakiti,"bukannya nyari solusi
malah ganti formasi🗿",1,1777487340,Negatif,"Kritik, penolakan, keluhan, atau sarkasme terhadap isi pernyataan/solusi",0.82,Tidak
938,dillss46,dillsss,hidup hanya sekali tpi sekali hidup malah jadi tumbal 😭🥲,1,1777486244,Negatif,"Kritik, penolakan, keluhan, atau sarkasme terhadap isi pernyataan/solusi",0.82,Tidak
939,roti_seken,roti_seken,Kalau bowti tarok di depan sama belakang boleh bu 😁,1,1777484618,Negatif,"Kritik, penolakan, keluhan, atau sarkasme terhadap isi pernyataan/solusi",0.82,Tidak
940,lanjutmarulihutagalung,lanjutmarulihutagalung,"Prettt. Seperti ini kelas mentri, mendingan anak saya",1,1777482961,Negatif,"Kritik, penolakan, keluhan, atau sarkasme terhadap isi pernyataan/solusi",0.82,Tidak
941,bu.iik0102,🙏salam🙏,itu bukan soluusi..solusi mah gerbong belakang pake gerbong barang,1,1777482246,Negatif,"Kritik, penolakan, keluhan, atau sarkasme terhadap isi pernyataan/solusi",0.82,Tidak
942,zzar21122,Zzar,"tadi ada yg komen gini, ""gerbong belakang kasih bubblewarp aja bu"" wkwkwkwk",1,1777481824,Negatif,"Kritik, penolakan, keluhan, atau sarkasme terhadap isi pernyataan/solusi",0.82,Tidak
943,yasiskwk,ox029x,di tengah juga bisa di jamsut truck jir,1,1777481637,Negatif,"Kritik, penolakan, keluhan, atau sarkasme terhadap isi pernyataan/solusi",0.82,Tidak
944,henz810,.W.H.,"Ngomong yang penting ❌
Yang penting ngomong ✅",1,1777481043,Negatif,"Kritik, penolakan, keluhan, atau sarkasme terhadap isi pernyataan/solusi",0.82,Tidak
945,syasyisyu02,Syasyisyuuu,Ngakak baca komen nya🤣😭bu saya mau nikah bu😩,1,1777480560,Netral,Tidak ada opini jelas/komentar hanya sticker atau observasi,0.85,Tidak
946,nfr_custom,NFR Custom Shop,"Saya bikin donat gosong bu, mohon solusinya dong",1,1777480169,Netral,Komentar umum atau ambigu tanpa sentimen eksplisit,0.6,Ya
947,longkrah,nigatshuuu,ini solusi apa.... ini bukan solusi tapi menganti korban 😩😩,1,1777478968,Negatif,"Kritik, penolakan, keluhan, atau sarkasme terhadap isi pernyataan/solusi",0.82,Tidak
948,akuuswa_,uswaaa,saya sebagai wanita juga shik shak shok dg statement beliau ini😭,1,1777477843,Negatif,"Kritik, penolakan, keluhan, atau sarkasme terhadap isi pernyataan/solusi",0.82,Tidak
949,raanyaaaa_,ranyaaᥫ᭡,[Sticker] ngurangin korban buk bkan ganti korban,1,1777477064,Negatif,"Kritik, penolakan, keluhan, atau sarkasme terhadap isi pernyataan/solusi",0.82,Tidak
950,moci244342,RIAN,"gimana mau maju indo, pemikiran pejabat'nya aj kayak gini🙏",1,1777477041,Negatif,"Kritik, penolakan, keluhan, atau sarkasme terhadap isi pernyataan/solusi",0.82,Tidak
951,domang_doyanmangan,Domang,"taruh tengah saja semua, depan sama belakang kasih bubblewrap aja buk pasti aman...",1,1777477154,Negatif,"Kritik, penolakan, keluhan, atau sarkasme terhadap isi pernyataan/solusi",0.82,Tidak
952,hermawanagr,Hermawan,"Rugi Saya Bayar Pajak Tuk Gaji Mentri ini, , 🤭",1,1777476964,Negatif,"Kritik, penolakan, keluhan, atau sarkasme terhadap isi pernyataan/solusi",0.82,Tidak
953,smilefriend05,Petani Muda28,Tarok di atas aja buk,1,1777476918,Negatif,"Kritik, penolakan, keluhan, atau sarkasme terhadap isi pernyataan/solusi",0.82,Tidak
954,syalmah.khairani,Syalmah khairani,cowok juga manusia bu,1,1777476854,Negatif,"Kritik, penolakan, keluhan, atau sarkasme terhadap isi pernyataan/solusi",0.82,Tidak
955,ikaannnsalmon,ikaannnsalmon,tebak perasaan laki”😭,1,1777476619,Negatif,"Kritik, penolakan, keluhan, atau sarkasme terhadap isi pernyataan/solusi",0.82,Tidak
956,schumpies,@schumpies,Yg bisa nyekolahin pejabat biar pada pinter siapa sih ah cape bgt dengernya🥺🥺,1,1777476609,Negatif,"Kritik, penolakan, keluhan, atau sarkasme terhadap isi pernyataan/solusi",0.82,Tidak
957,kenzo_whenya,6 okTobEr,cepet di tanah ya buuk🙏🙏🥰,1,1777476348,Netral,Komentar umum atau ambigu tanpa sentimen eksplisit,0.6,Ya
958,uchiha_firaun,Uchiha Fir'aun,"Bahkan di dunia yang singkat ini, kami mau di persingkat lagi oleh aturan",1,1777476097,Netral,Komentar umum atau ambigu tanpa sentimen eksplisit,0.6,Ya
959,lele900k,Niiiiii🌊🧢,[Sticker],1,1777474946,Netral,Tidak ada opini jelas/komentar hanya sticker atau observasi,0.85,Tidak
960,reyzmineseffort,Reyyz -effort,dikasi arah sama yg ilang arah☺️,1,1777473352,Netral,Komentar umum atau ambigu tanpa sentimen eksplisit,0.6,Ya
961,sky_2471,𝙎𝙆𝙔`𝙑𝙄𝙇𝙇𝘼𝙄𝙉,"Setiap manusia memiliki hak hidup yang sama tanpa pengecualian. Hal ini secara tegas dijamin dalam Undang-Undang Dasar 1945, khususnya Pasal 28A yang menyatakan bahwa “Setiap orang berhak untuk hidup serta berhak mempertahankan hidup dan kehidupannya.” Selain itu, Pasal 28D ayat (1) juga menegaskan bahwa setiap orang berhak atas pengakuan, jaminan, perlindungan, dan kepastian hukum yang adil serta perlakuan yang sama di hadapan hukum.
Berdasarkan hal tersebut, tidak seharusnya ada kebijakan yang terkesan membedakan nilai keselamatan antara satu kelompok dengan kelompok lainnya, baik itu laki-laki maupun perempuan. Dalam situasi yang menyangkut keselamatan jiwa, seluruh manusia memiliki hak yang setara untuk dilindungi tanpa adanya prioritas yang dapat menimbulkan kesan bahwa satu nyawa lebih penting dibanding yang lain.
Meskipun tujuan perlindungan terhadap perempuan dapat dipahami dari sisi sosial dan keamanan, kebijakan publik tetap harus mempertimbangkan prinsip keadilan yang menyeluruh. Perlindungan tidak boleh mengarah pada perlakuan yang menimbulkan ketimpangan dalam hak dasar, terutama hak untuk hidup yang bersifat mutlak dan tidak tergantikan.
Oleh karena itu, setiap kebijakan seharusnya dirancang secara hati-hati, berbasis data, serta mempertimbangkan keselamatan seluruh penumpang tanpa terkecuali, sehingga nilai keadilan dan kemanusiaan tetap terjaga sesuai dengan amanat konstitusi.",1,1777473130,Negatif,"Kritik, penolakan, keluhan, atau sarkasme terhadap isi pernyataan/solusi",0.82,Tidak
962,cihuyy1.a2,user tamuz,LU KIRA KITA HULK APA,1,1777473111,Negatif,"Kritik, penolakan, keluhan, atau sarkasme terhadap isi pernyataan/solusi",0.82,Tidak
963,vampire_405,ᵐᵃᶻᵗ _ ᵏʰᵃᵐᵖʳᵉᵈᵗ 📍,harusnya keretanya buat berdiri aja semua naik di atas jd aman dah😭,1,1777471682,Negatif,Humor/sarkasme yang cenderung mengkritik isi pernyataan,0.68,Ya
964,pecintahobi03,LEMON  SLAYER 💥,di kira baris berbaris kalih,1,1777471604,Netral,Komentar umum atau ambigu tanpa sentimen eksplisit,0.6,Ya
965,samszzrx,𝐒𝐓𝐗𝐑𝐋𝐘,"bukanya nyari solusi
malah ganti formasi",1,1777471431,Negatif,"Kritik, penolakan, keluhan, atau sarkasme terhadap isi pernyataan/solusi",0.82,Tidak
966,wongeteko020,sopo,gerbong depan khusus DPR dan Bu Mentri,1,1777471412,Negatif,"Kritik, penolakan, keluhan, atau sarkasme terhadap isi pernyataan/solusi",0.82,Tidak
967,syaladu1,🌷,lah sama aja dong deda nya tempat nya doang kan sama³ manusia,1,1777470771,Netral,Komentar umum atau ambigu tanpa sentimen eksplisit,0.6,Ya
968,yeng731,Yeng30,kami juga kalo bisa mengusulkan kalo bisa jalur kreta nya pindahin ke arah rumah ibu aja boleh gak😳,1,1777470580,Negatif,"Kritik, penolakan, keluhan, atau sarkasme terhadap isi pernyataan/solusi",0.82,Tidak
969,fikiadityaprmna,Fiki Aditya Permana,Lah giloo,1,1777470374,Netral,Komentar terlalu singkat/ambigu untuk polaritas kuat,0.7,Ya
970,defamanggala,defamanggala,Kalau bisa bagian belakang pejabat bagian tengah masyarakat. Bisa ga ya?,1,1777469741,Negatif,"Kritik, penolakan, keluhan, atau sarkasme terhadap isi pernyataan/solusi",0.82,Tidak
971,xupcohxl,☂,[Sticker] kenapa ngga di atas gerbong aja sekalian buk,1,1777469660,Netral,Komentar umum atau ambigu tanpa sentimen eksplisit,0.6,Ya
972,ikiiajalah5,Riyan mirip Ayanokoji,[Sticker],1,1777469646,Netral,Tidak ada opini jelas/komentar hanya sticker atau observasi,0.85,Tidak
973,alif.kurniawan97,alif.kurniawan97⛎,[Sticker],1,1777469497,Netral,Tidak ada opini jelas/komentar hanya sticker atau observasi,0.85,Tidak
974,fassz_67,༆Hʸᵖᵉʳ᭄𝐅𝐀𝐒𝐒𝐙 •×͜×,@odin:KITA BUTUH SOLUSI BUKAN POSISI.,1,1777468107,Netral,Komentar umum atau ambigu tanpa sentimen eksplisit,0.6,Ya
975,real_madrid151617ucl,👑𝙝𝙖𝙭𝙭👑,"Setiap manusia memiliki hak hidup yang sama tanpa pengecualian. Hal ini secara tegas dijamin dalam Undang-Undang Dasar 1945, khususnya Pasal 28A yang menyatakan bahwa “Setiap orang berhak untuk hidup serta berhak mempertahankan hidup dan kehidupannya.” Selain itu, Pasal 28D ayat (1) juga menegaskan bahwa setiap orang berhak atas pengakuan, jaminan, perlindungan, dan kepastian hukum yang adil serta perlakuan yang sama di hadapan hukum.
Berdasarkan hal tersebut, tidak seharusnya ada kebijakan yang",1,1777466619,Negatif,"Kritik, penolakan, keluhan, atau sarkasme terhadap isi pernyataan/solusi",0.82,Tidak
976,piwwaa_imut,piwwaaaa,Spiderman aja kewalahan apalagi man doang,1,1777466470,Negatif,"Kritik, penolakan, keluhan, atau sarkasme terhadap isi pernyataan/solusi",0.82,Tidak
977,.loki.kinngs,.Loki Kinngs,gua seumur belajar b indo tentang evaluasi bukan gini dah perasaan,1,1777465861,Negatif,"Kritik, penolakan, keluhan, atau sarkasme terhadap isi pernyataan/solusi",0.82,Tidak
978,do.diecast,Do Diecast,mending tambahin pengaman di depan belakangnya,1,1777465567,Negatif,"Kritik, penolakan, keluhan, atau sarkasme terhadap isi pernyataan/solusi",0.82,Tidak
979,dellasanoo,Dellasanoo.,solusi ny ga guna,1,1777464789,Netral,Komentar umum atau ambigu tanpa sentimen eksplisit,0.6,Ya
980,ghulam.556,pp the jansen,"bu walau pun kami sebagai laki2 jarang merayakan ultah,, tapi kami juga ingin panjang umur..",1,1777464774,Negatif,"Kritik, penolakan, keluhan, atau sarkasme terhadap isi pernyataan/solusi",0.82,Tidak
981,andrew.raxy_neil,SANGGAR PUSPITA BAWANA,"Kalau skenarionya adalah tabrakan dari belakang dengan kecepatan sangat tinggi, perlu disadari dulu: tidak ada desain yang bisa membuatnya sepenuhnya aman. Energi benturannya sangat besar, jadi tujuan realistisnya adalah mengurangi dampak dan menyelamatkan sebanyak mungkin penumpang, bukan menghilangkan risiko sepenuhnya.
Dalam pendekatan teknik, solusinya harus berlapis. Gerbong paling belakang bisa didesain sebagai zona penyangga energi (energy-absorbing car), yaitu bagian yang memang diprioritaskan untuk menyerap benturan. Struktur gerbong ini menggunakan material khusus dan komponen deformasi terkontrol (crumple zone) yang akan hancur lebih dulu untuk meredam energi sebelum mencapai gerbong penumpang utama. Selain itu, dipasang sistem anti-climbing agar gerbong tidak saling menumpuk saat tertabrak, karena kondisi itu biasanya paling berbahaya bagi penumpang.
Dari sisi sistem, kereta modern perlu dilengkapi automatic train protection (ATP) atau sistem kontrol otomatis yang bisa mendeteksi jarak antar kereta dan langsung mengaktifkan pengereman darurat sebelum tabrakan terjadi. Ini justru langkah paling efektif, karena mencegah atau setidaknya menurunkan kecepatan benturan secara signifikan. Bisa juga ditambahkan sensor dan komunikasi antar kereta (train-to-train communication) agar kereta di belakang otomatis melambat jika terlalu dekat.
Sebagai tambahan, bagian interior gerbong dapat dirancang lebih aman dengan kursi yang menyerap energi, tata letak yang meminimalkan benturan antar penumpang, serta sabuk pengaman di kereta berkecepatan tinggi. Dalam beberapa konsep, bahkan bisa ditambahkan “gerbong pelindung” khusus di paling belakang yang tidak diisi penuh penumpang, tetapi ini biasanya dipertimbangkan dengan trade-off kapasitas.
Intinya, solusi terbaik bukan hanya memperkuat gerbong belakang, tetapi menggabungkan desain struktur, teknologi pencegahan tabrakan, dan perlindungan penumpang secara menyeluruh. Pencegahan tetap jauh lebih efektif daripada mengandalkan perlindungan saat tabrakan sudah terjadi.",1,1777464698,Negatif,"Kritik, penolakan, keluhan, atau sarkasme terhadap isi pernyataan/solusi",0.82,Tidak
982,bongolsapsusapsu,cah bagus,"monmaap ya bu, kalo lagi kesel sama suami bicarakan lah baik"". kami laki"" juga ingin panjang umur 🙏😭",1,1777464634,Negatif,"Kritik, penolakan, keluhan, atau sarkasme terhadap isi pernyataan/solusi",0.82,Tidak
983,bismooxbyy,Bismoo69,bukannya ngasih solusi malah ubah formasi🗿😭,1,1777464539,Negatif,"Kritik, penolakan, keluhan, atau sarkasme terhadap isi pernyataan/solusi",0.82,Tidak
984,abdulpofa,Abdul pofa✨,kan yang salah taksi ijo knp malah gerbong yang di bahas🗿,1,1777464512,Negatif,"Kritik, penolakan, keluhan, atau sarkasme terhadap isi pernyataan/solusi",0.82,Tidak
985,itu_123421,🦸,emg kita punya Immortal,1,1777464498,Negatif,"Kritik, penolakan, keluhan, atau sarkasme terhadap isi pernyataan/solusi",0.82,Tidak
986,agpk226,𝗔𝗟𝗦𝗭,"cowo juga manusia bu, juga ingin idup",1,1777464464,Negatif,"Kritik, penolakan, keluhan, atau sarkasme terhadap isi pernyataan/solusi",0.82,Tidak
987,endi061,Pelukis kampung,boleh ngak saran aj moga didengar......bagai mna klu ad kebijakan atau mencari solusi seperti kejadian ini....undang anak PAUD ...ANAK SD...SAMA MENTRI MENTRI DUDUK SATU MEJA....BIAR MASYARAT TAHU KEBICAKAN...DAN SOLUSI SIAPA YG PALING UNGGUL🙏🙏🙏cuma saran ya moga didengar 🙏🙏🙏,1,1777464113,Negatif,"Kritik, penolakan, keluhan, atau sarkasme terhadap isi pernyataan/solusi",0.82,Tidak
988,pencintaalam.1282_,pencinta alam,"ni Mentri bukn nya ngasih solusi.
Mentri titipan siapa si ni",1,1777464023,Negatif,"Kritik, penolakan, keluhan, atau sarkasme terhadap isi pernyataan/solusi",0.82,Tidak
989,mgtzazy,mugtazo,dih,1,1777463898,Netral,Komentar terlalu singkat/ambigu untuk polaritas kuat,0.7,Ya
990,yanzpjrt,2️⃣0️⃣1️⃣4️⃣,"kita juga punya nyawa Bu,ibu kira nyawa kitaa ada 9",1,1777463865,Negatif,"Kritik, penolakan, keluhan, atau sarkasme terhadap isi pernyataan/solusi",0.82,Tidak
991,aslaam2601,aslaamm,aman lurr,1,1777463792,Netral,Komentar terlalu singkat/ambigu untuk polaritas kuat,0.7,Ya
992,helloo526,.,[Sticker],1,1777463402,Netral,Tidak ada opini jelas/komentar hanya sticker atau observasi,0.85,Tidak
993,.abcdef1234_,inidilaaa,kasih solusi❎ ganti posisi✅,1,1777463343,Negatif,"Kritik, penolakan, keluhan, atau sarkasme terhadap isi pernyataan/solusi",0.82,Tidak
994,gandamzy,Ndamzy,"kenapa g di campur aja,klo ga tambahin rel baru kek",1,1777462926,Netral,Komentar umum atau ambigu tanpa sentimen eksplisit,0.6,Ya
995,ejak_tkd,Ejak,"hidup memang singkat buk, tapi knp kami di persingkat lagi sama peraturan buk ?",1,1777462653,Negatif,"Kritik, penolakan, keluhan, atau sarkasme terhadap isi pernyataan/solusi",0.82,Tidak
996,a_setiyawan0,A setiyawan,ide pemikiranya sangat sempit terus klo ada kejadian seperti ini lagi tetap ada yg namnya korban.. terlalu cepat bersetatment.. justru harusnya memberi solusi supaya tidak ada korban dan tidak terjadi lagi erorr sistem..,1,1777462610,Negatif,"Kritik, penolakan, keluhan, atau sarkasme terhadap isi pernyataan/solusi",0.82,Tidak
997,nh123503,NH123,Ku simpan nh nh videonya. Jadi klo lagi badmood bisa buka lagi. soalnya lucu bgt ini dari pada pelawak yg profesional 😂😂😂😂,1,1777462226,Negatif,"Kritik, penolakan, keluhan, atau sarkasme terhadap isi pernyataan/solusi",0.82,Tidak
998,xyzpinz43,alpin fikri🛍🥇👇🏻🤩,di suruh cari solusi malah cari pengganti 😭😭,1,1777462012,Negatif,"Kritik, penolakan, keluhan, atau sarkasme terhadap isi pernyataan/solusi",0.82,Tidak
999,dimzz2309,dimm,kan bisa barengan,1,1777461834,Netral,Komentar umum atau ambigu tanpa sentimen eksplisit,0.6,Ya
1000,een_yoo,Tozkara,gerbong ujung depan sama ujung belakang buat gerbong barang saja.,1,1777461734,Negatif,"Kritik, penolakan, keluhan, atau sarkasme terhadap isi pernyataan/solusi",0.82,Tidak
